"thu","ngay","dot","ky","n1","n2","n3","n4","n5","n6","dd_cnt","dd_amt","g1_cnt","g1_amt","g2_cnt","g2_amt","g3_cnt","g3_amt","g4_cnt","g4_amt","g5_cnt","g5_amt","kk_cnt","kk_amt","dec0","dec1","dec2","dec3","dbx","dbdd","dd","sc","cam","snt","snt_cnt","xx","ke","t1","g0","p1","mod","sum","dec","dec_ck","cl5","cl5_ck","jpp","qh_ky","qh_hit","qhl","qhc","jpck","jpm_info","jpm_cnt","is_jp","is_chia","is_day","updated_at"
T2,2026-05-11,"1","00633",8,15,22,26,30,4,0,8873144000,0,10000000,7,5000000,75,500000,138,100000,1934,30000,11059,10000,1,1,2,1,X,C,CC,4,,,0,"22",0,0,1,1,,101,"1121",14,CLCCC,1,11,20,,,0,25,"422 (00211: 8-15-22-26-28)",4,false,false,false,2026-05-11 13:11:22.066 +0700
T4,2026-05-06,"1","00623",8,12,16,24,27,7,0,7464177500,1,10000000,6,5000000,79,500000,222,100000,1840,30000,15667,10000,1,2,2,0,Y,L,CL,4,"3",,0,,0,0,1,1,,87,"1220",39,CCCCL,2,14,20,,"18",1,15,"20 (00603: 8-12-13-16-24)",4,false,false,false,2026-05-11 13:11:22.135 +0700
T3,2026-05-05,"2","00622",8,15,30,32,34,6,0,7434742500,0,10000000,3,5000000,65,500000,188,100000,2230,30000,16102,10000,1,1,0,3,Y,C,CC,4,"2",,0,,0,1,0,1,,119,"1103",17,CLCCC,40,17,20,,"18",1,14,"35 (00587: 17-19-30-32-34)",3,false,false,false,2026-05-11 13:11:22.140 +0700
T3,2026-05-05,"1","00621",10,20,24,26,33,3,0,7271157500,0,10000000,8,5000000,52,500000,140,100000,1727,30000,10703,10000,0,1,3,1,X,L,CL,4,"0",,0,"33",0,0,0,0,"02",113,"0131",45,CCCCL,63,13,20,,"18",1,13,"185 (00436: 1-20-24-26-35)",3,false,false,false,2026-05-11 13:11:22.143 +0700
T2,2026-05-04,"2","00620",3,13,17,31,35,2,0,7176397500,1,10000000,7,5000000,63,500000,171,100000,2501,30000,15123,10000,1,2,0,2,X,C,LL,0,"2","3-13-17-31",4,,0,0,0,2,"32",99,"1202",27,LLLLL,40,8,20,,"18",1,12,"13 (00607: 3-9-13-30-35)",3,false,false,false,2026-05-11 13:11:22.146 +0700
T2,2026-05-04,"1","00619",8,16,21,28,34,6,0,6972410000,1,10000000,3,5000000,54,500000,129,100000,1522,30000,10854,10000,1,1,2,1,Y,C,CC,4,,,0,,0,1,1,1,"82",107,"1121",6,CCLCC,16,9,20,,"18",1,11,"21 (00598: 1-8-16-21-34)",4,false,false,false,2026-05-11 13:11:22.149 +0700
CN,2026-05-03,"2","00618",6,8,14,17,20,8,0,6857455000,1,10000000,11,5000000,90,500000,197,100000,2053,30000,16707,10000,2,2,1,0,Y,C,CC,4,"3","17",1,,0,0,2,0,,65,"2210",24,CCCLC,1,15,20,,"18",1,10,"105 (00513: 6-8-17-20-24)",4,false,false,false,2026-05-11 13:11:22.153 +0700
CN,2026-05-03,"1","00617",10,14,20,25,28,12,0,6792272500,1,10000000,4,5000000,57,500000,127,100000,1733,30000,8762,10000,0,2,3,0,Z,C,CC,4,"0,3",,0,,0,1,1,0,"02",97,"0230",7,CCCLC,64,18,20,,"18",1,9,"88 (00529: 3-14-25-28-32)",3,false,false,false,2026-05-11 13:11:22.159 +0700
T7,2026-05-02,"2","00616",1,5,10,12,15,9,0,6699380000,5,10000000,12,5000000,83,500000,210,100000,2099,30000,15723,10000,2,3,0,0,Z,L,LL,2,"2,3","5",1,,0,1,0,0,"52",43,"2300",85,LLCCL,12,17,20,,"18",1,8,"32 (00584: 1-10-15-25-27)",3,false,false,false,2026-05-11 13:11:22.161 +0700
T7,2026-05-02,"1","00615",2,7,19,23,35,6,0,6699380000,1,10000000,3,5000000,51,500000,114,100000,1398,30000,8384,10000,2,1,1,1,Y,C,CL,1,,"2-7-19-23",4,,0,0,1,2,,86,"2111",1,CLLLL,6,18,20,,"18",1,7,"43 (00572: 7-15-19-23-24)",3,false,false,true,2026-05-11 13:11:22.164 +0700
T6,2026-05-01,"2","00614",6,9,19,29,34,6,0,6604325000,1,10000000,13,5000000,92,500000,200,100000,2085,30000,12450,10000,2,1,1,1,Y,C,CC,2,,"19-29",2,,0,0,1,2,"93",97,"2111",6,CLLLC,4,9,20,,,0,6,"137 (00477: 8-9-19-29-30)",3,false,false,false,2026-05-11 13:11:22.168 +0700
T6,2026-05-01,"1","00613",3,11,28,29,33,3,0,6554037500,1,10000000,4,5000000,50,500000,213,100000,1576,30000,10769,10000,1,1,2,1,X,L,LL,1,,"3-11-29",3,"11,33",1,0,0,0,"32",104,"1121",1,LLCLL,1,34,20,"11","11",1,5,"173 (00440: 5-10-11-28-29)",3,false,false,false,2026-05-11 13:11:22.170 +0700
T5,2026-04-30,"2","00612",9,13,20,23,31,1,0,6478110000,0,10000000,3,5000000,62,500000,106,100000,1861,30000,8458,10000,1,1,2,1,X,L,LL,1,,"13-23-31",3,,0,0,1,0,"32",96,"1121",3,LLCLL,64,6,20,,"11",1,4,"157 (00455: 9-20-23-26-34)",3,false,false,false,2026-05-11 13:11:22.173 +0700
T5,2026-04-30,"1","00611",4,5,6,17,20,6,0,6306837500,0,10000000,6,5000000,71,500000,143,100000,1541,30000,9842,10000,3,1,1,0,Y,C,CC,3,"3","5-17",2,,2,1,0,2,,52,"3110",12,CLCLC,36,9,20,,"11",1,3,"9 (00602: 4-5-6-20-33)",4,false,false,false,2026-05-11 13:11:22.176 +0700
T4,2026-04-29,"2","00610",16,19,21,25,26,2,0,6258085000,0,10000000,3,5000000,67,500000,134,100000,1983,30000,10903,10000,0,2,3,0,X,C,CC,2,"0,3","19",1,,1,2,0,0,"62",107,"0230",46,CLLLC,72,16,20,,"11",1,2,"396 (00214: 16-19-25-26-32)",4,false,false,false,2026-05-11 13:11:22.178 +0700
T4,2026-04-29,"1","00609",2,17,27,29,31,1,0,6119135000,1,10000000,1,5000000,26,500000,89,100000,1168,30000,6049,10000,1,1,2,1,X,L,CL,1,,"2-17-29-31",4,,0,0,0,0,"72",106,"1121",3,CLLLL,9,14,20,,"11",1,1,"73 (00536: 2-14-17-21-27)",3,false,false,true,2026-05-11 13:11:22.180 +0700
T3,2026-04-28,"2","00608",4,6,15,24,35,11,1,6135557500,0,10000000,37,5000000,50,500000,143,100000,1510,30000,11076,10000,2,1,1,1,Z,L,CL,3,,,0,,0,0,1,1,"42,52",84,"2111",10,CCLCL,12,8,20,,"11",1,0,"91 (00517: 4-5-6-24-26)",3,true,false,false,2026-05-11 13:11:22.185 +0700
T3,2026-04-28,"1","00607",3,9,13,30,35,1,0,6135557500,0,10000000,3,5000000,29,500000,75,100000,1224,30000,6653,10000,2,1,0,2,X,L,LL,1,"2","3-13",2,,0,1,2,1,"32",90,"2102",38,LLLCL,98,14,20,,"11",1,1,"14 (00593: 3-12-13-30-31)",3,false,false,false,2026-05-11 13:11:22.189 +0700
T2,2026-04-27,"2","00606",9,10,23,29,35,8,1,23135180500,4,10000000,68,5000000,807,500000,2484,100000,25227,30000,208958,10000,1,1,2,1,Y,C,LL,1,,"23-29",2,,1,0,1,1,"92",106,"1121",18,LCLLL,22,29,20,"23","11,23",2,0,"182 (00424: 9-23-29-34-35)",4,true,false,false,2026-05-11 13:11:22.192 +0700
T2,2026-04-27,"1","00605",6,17,32,34,35,4,0,14282461000,0,10000000,6,5000000,107,500000,299,100000,3689,30000,29602,10000,1,1,0,3,X,C,CL,3,"2","17",1,,1,1,3,1,,124,"1103",61,CLCCL,3,18,20,,"11,23",2,46,"1 (00604: 9-17-22-34-35)",3,false,false,false,2026-05-11 13:11:22.195 +0700
CN,2026-04-26,"2","00604",9,17,22,34,35,10,0,12891779500,2,10000000,9,5000000,99,500000,379,100000,3606,30000,27682,10000,1,1,1,2,Z,C,LL,2,,"17",1,"22",1,0,0,2,,117,"1112",4,LLCCL,5,9,20,,"11,23",2,45,"9 (00595: 1-2-9-17-34)",3,false,false,false,2026-05-11 13:11:22.197 +0700
CN,2026-04-26,"1","00603",8,12,13,16,24,9,0,11746102500,2,10000000,9,5000000,80,500000,232,100000,2496,30000,17122,10000,1,3,1,0,Z,L,CC,4,"3","13",1,,1,0,0,0,,73,"1310",14,CCLCC,11,10,20,,"11,23",2,44,"49 (00554: 12-13-18-23-24)",3,false,false,false,2026-05-11 13:11:22.201 +0700
T7,2026-04-25,"2","00602",4,5,6,20,33,12,0,11035120500,0,10000000,5,5000000,79,500000,213,100000,2471,30000,16581,10000,3,0,1,1,Z,C,CL,3,"1","5",1,"33",2,0,1,1,,68,"3011",28,CLCCL,1,12,20,,"11,23",2,43,"347 (00255: 4-6-11-20-33)",4,false,false,false,2026-05-11 13:11:22.203 +0700
T7,2026-04-25,"1","00601",4,17,22,24,29,1,0,10094183000,0,10000000,2,5000000,64,500000,94,100000,1889,30000,8870,10000,1,1,3,0,X,L,CL,3,"3","17-29",2,"22",0,0,0,1,"42",96,"1130",53,CLCCL,4,21,20,"29","11,23,29",3,42,"53 (00548: 9-17-22-23-29)",3,false,false,false,2026-05-11 13:11:22.206 +0700
T6,2026-04-24,"2","00600",8,15,21,31,35,10,0,9461509000,1,10000000,8,5000000,60,500000,211,100000,2057,30000,17163,10000,1,1,1,2,Z,C,CL,1,,"31",1,,0,0,0,1,"12,52",110,"1112",19,CLLLL,29,12,20,,"11,23",2,41,"29 (00571: 8-17-21-31-35)",4,false,false,false,2026-05-11 13:11:22.208 +0700
T6,2026-04-24,"1","00599",1,5,6,14,27,5,0,8715463000,1,10000000,3,5000000,44,500000,101,100000,1637,30000,11864,10000,3,1,1,0,Y,L,LL,2,"3","5",1,,1,0,1,0,,53,"3110",59,LLCCL,11,15,20,,"23",1,40,"64 (00535: 3-4-6-14-27)",3,false,false,false,2026-05-11 13:11:22.211 +0700
T5,2026-04-23,"2","00598",1,8,16,21,34,11,0,8150227000,2,10000000,9,5000000,54,500000,173,100000,1889,30000,15179,10000,2,1,1,1,Z,L,LC,3,,,0,,0,0,0,2,"12",80,"2111",73,LCCLC,56,9,20,,"23",1,39,"52 (00546: 1-8-14-16-28)",3,false,false,false,2026-05-11 13:11:22.213 +0700
CN,2026-05-10,"2","00632",20,21,22,32,34,4,0,8723457500,0,10000000,0,5000000,85,500000,164,100000,2046,30000,13843,10000,0,0,3,2,X,C,CC,4,"0,1",,0,"22",2,0,2,1,"22",129,"0032",247,CLCCC,10,10,20,,,0,24,"171 (00461: 13-20-22-32-34)",4,false,false,false,2026-05-11 13:11:22.101 +0700
CN,2026-05-10,"1","00631",5,7,20,28,34,3,0,8491305000,0,10000000,10,5000000,76,500000,156,100000,1772,30000,10687,10000,2,0,2,1,X,L,LC,3,"1","5-7",2,,0,0,0,0,,94,"2021",76,LLCCC,44,16,20,,,0,23,"213 (00418: 5-7-10-28-29)",3,false,false,false,2026-05-11 13:11:22.105 +0700
T7,2026-05-09,"2","00630",10,11,15,17,22,4,0,8411695000,0,10000000,12,5000000,72,500000,234,100000,2186,30000,16218,10000,0,4,1,0,X,C,CC,2,"0,3","11-17",2,"11,22",1,0,0,0,,75,"0410",193,CLLLC,16,26,20,"22","22",1,22,"451 (00179: 10-12-15-17-22)",4,false,false,false,2026-05-11 13:11:22.108 +0700
T5,2026-04-23,"1","00597",6,7,26,30,33,5,0,7623157500,0,10000000,6,5000000,44,500000,138,100000,1530,30000,10776,10000,2,0,1,2,Y,L,CL,3,"1","7",1,"33",1,1,1,1,"62",102,"2012",74,CLCCL,119,22,20,"33","33",1,38,"52 (00545: 6-7-10-12-26)",3,false,false,false,2026-05-11 13:11:22.216 +0700
T4,2026-04-22,"2","00596",6,16,17,28,31,10,0,7522260000,0,10000000,3,5000000,81,500000,282,100000,2278,30000,15981,10000,1,2,1,1,Z,C,CL,3,,"17-31",2,,1,1,1,0,"62",98,"1211",26,CCLCL,13,5,20,,"33",1,37,"101 (00495: 15-16-28-31-32)",3,false,false,false,2026-05-11 13:11:22.218 +0700
T4,2026-04-22,"1","00595",1,2,9,17,34,1,0,7372537500,0,10000000,1,5000000,54,500000,87,100000,1603,30000,6517,10000,3,1,0,1,X,L,LC,2,"2","2-17",2,,1,1,0,0,,63,"3101",148,LCLLC,91,11,20,,,0,36,"97 (00498: 1-2-9-24-29)",3,false,false,false,2026-05-11 13:11:22.222 +0700
T3,2026-04-21,"2","00594",4,7,18,19,25,1,0,7192617500,0,10000000,7,5000000,104,500000,146,100000,2822,30000,9529,10000,2,2,1,0,X,L,CL,2,"3","7-19",2,,1,0,0,1,,73,"2210",47,CLCLL,60,10,20,,,0,35,"334 (00260: 1-4-17-18-19)",3,false,false,false,2026-05-11 13:11:22.225 +0700
T3,2026-04-21,"1","00593",3,12,13,30,31,1,0,7008235000,0,10000000,3,5000000,61,500000,99,100000,1663,30000,6959,10000,1,2,0,2,X,L,LL,2,"2","3-13-31",3,,2,0,0,1,"32",89,"1202",30,LCLCL,25,11,20,,,0,34,"10 (00583: 12-14-25-30-31)",3,false,false,false,2026-05-11 13:11:22.239 +0700
T2,2026-04-20,"2","00592",2,6,15,22,28,11,0,6848890000,3,10000000,6,5000000,92,500000,224,100000,2645,30000,15500,10000,2,1,2,0,Z,L,CC,4,"3","2",1,"22",0,2,0,1,"22",73,"2120",26,CCLCC,22,40,20,"2,28","2,28",2,33,"311 (00281: 2-15-21-22-28)",4,false,false,false,2026-05-11 13:11:22.242 +0700
T2,2026-04-20,"1","00591",7,10,14,16,34,1,0,6713695000,0,10000000,4,5000000,82,500000,107,100000,1649,30000,7737,10000,1,3,0,1,X,L,LC,4,"2","7",1,,0,1,0,0,"42",81,"1301",18,LCCCC,25,12,20,,"2,28",2,32,"131 (00460: 10-14-16-20-32)",3,false,false,false,2026-05-11 13:11:22.244 +0700
CN,2026-04-19,"2","00590",3,4,5,8,20,9,0,6592497500,1,10000000,10,5000000,87,500000,234,100000,2076,30000,16836,10000,4,0,1,0,Z,L,LC,3,"1,3","3-5",2,,2,2,1,1,,40,"4010",80,LCLCC,4,16,20,,"2,28",2,31,"16 (00574: 3-6-8-20-35)",3,false,false,false,2026-05-11 13:11:22.247 +0700
CN,2026-04-19,"1","00589",4,10,16,17,21,8,0,6537262500,0,10000000,1,5000000,36,500000,148,100000,1292,30000,11125,10000,1,3,1,0,Y,C,CL,3,"3","17",1,,1,1,1,2,,68,"1310",4,CCCLL,86,22,20,"16","2,16,28",3,30,"92 (00497: 4-10-17-22-26)",3,false,false,false,2026-05-11 13:11:22.249 +0700
T7,2026-04-18,"2","00588",3,17,20,24,35,11,0,6440855000,0,10000000,6,5000000,53,500000,124,100000,1921,30000,11060,10000,1,1,2,1,Z,L,LL,2,,"3-17",2,,0,0,1,2,,99,"1121",8,LLCCL,7,16,20,,"2,16,28",3,29,"14 (00574: 3-6-8-20-35)",3,false,false,false,2026-05-11 13:11:22.252 +0700
T7,2026-04-18,"1","00587",17,19,30,32,34,2,0,6290412500,1,10000000,1,5000000,38,500000,107,100000,1257,30000,8370,10000,0,2,0,3,X,C,LC,3,"0,2","17-19",2,,0,1,0,1,,132,"0203",341,LLCCC,36,16,20,,"2,28",2,28,"118 (00469: 11-17-25-30-32)",3,false,false,false,2026-05-11 13:11:22.256 +0700
T6,2026-04-17,"2","00586",3,4,9,12,18,10,0,6180225000,0,10000000,3,5000000,78,500000,200,100000,2046,30000,14721,10000,3,2,0,0,Z,C,LC,3,"2,3","3",1,,1,2,0,0,,46,"3200",204,LCLCC,21,21,20,"9","2,9",2,27,"135 (00451: 4-9-17-18-35)",3,false,false,false,2026-05-11 13:11:22.259 +0700
T6,2026-04-17,"1","00585",6,10,15,19,22,5,0,6078870000,0,10000000,12,5000000,48,500000,210,100000,1717,30000,12033,10000,1,3,1,0,Y,L,CC,3,"3","19",1,"22",0,0,2,0,,72,"1310",6,CCLLC,30,11,20,,"2",1,26,"341 (00244: 6-7-10-19-22)",4,false,false,false,2026-05-11 13:11:22.263 +0700
T5,2026-04-16,"2","00584",1,10,15,25,27,11,-1,22370500000,2,3785255000,63,64180000,783,5260000,1832,2135000,24243,180000,157245,10000,1,2,2,0,Z,L,LL,1,"3",,0,,0,0,1,1,"52",78,"1220",2,LCLLL,53,6,20,,"2",1,25,"347 (00237: 1-10-14-19-25)",3,false,true,false,2026-05-11 13:11:22.266 +0700
T4,2026-04-15,"1","00581",1,15,20,32,35,8,0,11663197500,2,10000000,6,5000000,56,500000,216,100000,1889,30000,17382,10000,1,1,1,2,Y,C,LL,2,,,0,,0,0,0,2,"52",103,"1112",10,LLCCL,2,12,20,,"2,4",2,22,"30 (00551: 9-15-18-20-32)",3,false,false,true,2026-05-11 13:11:22.275 +0700
T3,2026-04-14,"2","00580",5,19,25,29,31,2,0,10963759000,1,10000000,6,5000000,120,500000,222,100000,3727,30000,15869,10000,1,1,2,1,X,C,LL,0,,"5-19-29-31",4,,0,0,0,0,"52,92",109,"1121",15,LLLLL,21,43,20,"5","2,4,5",3,21,"74 (00506: 20-22-25-29-31)",3,false,false,false,2026-05-11 13:11:22.278 +0700
T3,2026-04-14,"1","00579",7,11,12,14,27,11,0,10098257000,0,10000000,4,5000000,64,500000,205,100000,2060,30000,14346,10000,1,3,1,0,Z,L,LL,2,"3","7-11",2,"11",1,1,2,2,"72",71,"1310",18,LLCCL,23,17,20,,"2,4,5",3,20,"100 (00479: 7-10-11-18-27)",3,false,false,true,2026-05-11 13:11:22.279 +0700
T2,2026-04-13,"2","00578",10,11,12,18,34,3,0,9549834500,0,10000000,5,5000000,88,500000,244,100000,2730,30000,19190,10000,0,4,0,1,X,L,CC,4,"0,2","11",1,"11",2,1,1,0,,85,"0401",79,CLCCC,29,8,20,,"2,4,5",3,19,"17 (00561: 6-10-11-18-25)",3,false,false,false,2026-05-11 13:11:22.281 +0700
T2,2026-04-13,"1","00577",12,15,23,26,32,8,0,8703965500,0,10000000,13,5000000,74,500000,228,100000,1867,30000,14560,10000,0,2,2,1,Y,C,CC,3,"0","23",1,,0,1,0,2,"22",108,"0221",35,CLLCC,56,11,20,,"2,4,5",3,18,"77 (00500: 4-12-15-17-32)",3,false,false,false,2026-05-11 13:11:22.284 +0700
CN,2026-04-12,"2","00576",11,21,22,27,34,12,0,8250123500,0,10000000,8,5000000,71,500000,190,100000,2244,30000,13614,10000,0,1,3,1,Z,C,LC,2,"0","11",1,"11,22",1,1,1,1,"12",115,"0131",8,LLCLC,7,16,20,,"2,4,5",3,17,"33 (00543: 13-21-25-27-34)",3,false,false,false,2026-05-11 13:11:22.287 +0700
CN,2026-04-12,"1","00575",18,23,32,33,34,2,0,7672840000,0,10000000,5,5000000,40,500000,111,100000,1720,30000,9313,10000,0,1,1,3,X,C,CC,3,"0","23",1,"33",2,1,0,0,"32",140,"0113",269,CLCLC,21,6,20,,"2,5",2,16,"6 (00569: 1-7-18-33-34)",3,false,false,false,2026-05-11 13:11:22.290 +0700
T7,2026-05-09,"1","00629",13,20,26,28,33,7,0,8287752500,1,10000000,7,5000000,53,500000,132,100000,1671,30000,12067,10000,0,1,3,1,Y,L,LL,3,"0","13",1,"33",0,1,1,0,"32",120,"0131",8,LCCCL,55,10,20,,"22",1,21,"8 (00621: 10-20-24-26-33)",3,false,false,false,2026-05-11 13:11:22.115 +0700
T6,2026-05-08,"2","00628",2,18,24,26,29,11,0,8203155000,1,10000000,8,5000000,63,500000,223,100000,2353,30000,16319,10000,1,1,3,0,Z,L,CL,4,"3","2-29",2,,0,2,0,1,,99,"1130",2,CCCCL,4,13,20,,"22",1,20,"104 (00524: 12-16-18-26-29)",3,false,false,false,2026-05-11 13:11:22.118 +0700
T6,2026-05-08,"1","00627",1,12,15,19,27,2,0,8066520000,0,10000000,7,5000000,54,500000,127,100000,1476,30000,9547,10000,1,3,1,0,X,C,LL,1,"3","19",1,,0,0,0,1,,74,"1310",24,LCLLL,2,12,20,,"22",1,19,"11 (00616: 1-5-10-12-15)",3,false,false,false,2026-05-11 13:11:22.121 +0700
T5,2026-05-07,"2","00626",3,10,21,24,26,1,0,7952337500,3,10000000,2,5000000,93,500000,137,100000,2240,30000,10472,10000,1,1,3,0,X,L,LC,3,"3","3",1,,0,1,1,1,,84,"1130",25,LCLCC,36,6,20,,"22",1,18,"561 (00065: 3-10-24-26-34)",4,false,false,false,2026-05-11 13:11:22.124 +0700
T5,2026-05-07,"1","00625",1,8,9,21,27,1,0,7776732500,1,10000000,4,5000000,46,500000,124,100000,1611,30000,8635,10000,3,0,2,0,X,L,LL,1,"1,3",,0,,1,1,0,1,"12",66,"3020",108,LCLLL,19,11,20,,"22",1,17,"27 (00598: 1-8-16-21-34)",3,false,false,false,2026-05-11 13:11:22.128 +0700
T4,2026-05-06,"2","00624",4,10,18,20,29,12,0,7642907500,0,10000000,4,5000000,97,500000,178,100000,2544,30000,12742,10000,1,2,2,0,Z,C,CL,4,"3","29",1,,0,0,0,0,"02",81,"1220",1,CCCCL,1,30,20,"18","18",1,16,"42 (00582: 4-13-18-20-26)",3,false,false,false,2026-05-11 13:11:22.131 +0700
T5,2026-04-16,"1","00583",12,14,25,30,31,6,0,13927145000,0,10000000,17,5000000,141,500000,392,100000,4007,30000,26431,10000,0,2,1,2,Y,C,CL,3,"0","31",1,,1,2,0,1,,112,"0212",88,CCLCL,22,13,20,,"2",1,24,"345 (00238: 12-14-25-28-31)",4,false,false,false,2026-05-11 13:11:22.270 +0700
T4,2026-04-15,"2","00582",4,13,18,20,26,11,0,12754961500,1,10000000,12,5000000,159,500000,350,100000,3968,30000,23472,10000,1,2,2,0,Z,L,CC,4,"3","13",1,,0,0,1,0,,81,"1220",10,CLCCC,4,27,20,"4","2,4",2,23,"100 (00482: 8-14-18-20-26)",3,false,false,false,2026-05-11 13:11:22.273 +0700
CN,2026-03-22,"1","00533",5,8,11,12,26,6,0,7072972500,0,10000000,9,5000000,70,500000,169,100000,1876,30000,10037,10000,2,2,1,0,Y,C,LC,3,"3","5-11",2,"11",1,1,0,1,,62,"2210",79,LCLCC,3,11,20,,,0,10,"58 (00475: 5-8-11-13-18)",3,false,false,false,2026-05-11 13:11:22.374 +0700
T7,2026-03-21,"2","00532",7,15,19,27,32,10,0,7006115000,0,10000000,4,5000000,102,500000,225,100000,2338,30000,13692,10000,1,2,1,1,Z,C,LC,1,,"7-19",2,,0,0,0,1,"72",100,"1211",14,LLLLC,7,14,20,,,0,9,"91 (00441: 7-14-15-27-35)",3,false,false,false,2026-05-11 13:11:22.377 +0700
T7,2026-03-21,"1","00531",3,6,11,13,17,3,0,6891237500,0,10000000,5,5000000,46,500000,137,100000,1479,30000,8581,10000,2,3,0,0,X,L,LL,1,"2,3","3-11-13-17",4,"11",0,2,1,1,"32",50,"2300",56,LCLLL,39,11,20,,,0,8,"35 (00496: 3-6-17-20-30)",3,false,false,false,2026-05-11 13:11:22.378 +0700
T6,2026-03-20,"2","00530",5,14,17,18,20,6,0,6795862500,2,10000000,7,5000000,67,500000,155,100000,1983,30000,13641,10000,1,3,1,0,Y,C,LC,3,"3","5-17",2,,1,0,1,0,,74,"1310",46,LCLCC,1,17,20,,,0,7,"15 (00515: 5-16-18-20-25)",3,false,false,true,2026-05-11 13:11:22.380 +0700
T6,2026-03-20,"1","00529",3,14,25,28,32,2,0,6704907500,0,10000000,2,5000000,51,500000,98,100000,1487,30000,8658,10000,1,1,2,1,X,C,LC,3,,"3",1,,0,2,1,0,,102,"1121",8,LCLCC,33,14,20,,,0,6,"25 (00504: 3-18-23-25-32)",3,false,false,false,2026-05-11 13:11:22.382 +0700
T5,2026-03-19,"2","00528",3,15,26,34,35,3,0,6588552500,0,10000000,8,5000000,49,500000,168,100000,1818,30000,13061,10000,1,1,1,2,X,L,LL,2,,"3",1,,1,0,1,1,"52",113,"1112",16,LLCCL,2,28,20,"15","15",1,5,"35 (00493: 1-7-15-34-35)",3,false,false,false,2026-05-11 13:11:22.384 +0700
T4,2026-02-25,"1","00483",11,16,19,21,32,10,0,8078920000,1,10000000,5,5000000,71,500000,193,100000,2229,30000,14067,10000,0,3,1,1,Z,C,LC,2,"0","11-19",2,"11",0,1,0,2,"12",99,"0311",23,LCLLC,8,14,20,,"15,24,34",3,15,"174 (00309: 11-19-24-27-32)",3,false,false,false,2026-05-11 13:11:22.489 +0700
T3,2026-02-24,"2","00482",8,14,18,20,26,7,0,7968140000,1,10000000,8,5000000,108,500000,335,100000,2984,30000,19638,10000,1,2,2,0,Y,L,CC,5,"3",,0,,0,0,1,0,"82",86,"1220",25,CCCCC,22,19,20,,"15,24,34",3,14,"179 (00303: 4-8-14-20-32)",3,false,false,false,2026-05-11 13:11:22.490 +0700
T3,2026-02-24,"1","00481",12,14,22,23,30,9,0,7856897500,0,10000000,2,5000000,67,500000,218,100000,1815,30000,15747,10000,0,2,2,1,Z,L,CC,4,"0","23",1,"22",1,1,1,2,"22",101,"0221",50,CCCLC,53,10,20,,"15,24",2,13,"414 (00067: 12-14-16-22-23)",4,false,false,false,2026-05-11 13:11:22.492 +0700
T2,2026-02-23,"2","00480",7,13,16,22,35,11,0,7743430000,0,10000000,5,5000000,114,500000,255,100000,2843,30000,20781,10000,1,2,1,1,Z,L,LL,2,,"7-13",2,"22",0,0,1,0,,93,"1211",4,LLCCL,6,13,20,,"15,24",2,12,"26 (00454: 7-9-12-13-22)",3,false,false,false,2026-05-11 13:11:22.493 +0700
T2,2026-02-23,"1","00479",7,10,11,18,27,6,0,7478617500,2,10000000,11,5000000,91,500000,306,100000,2720,30000,16448,10000,1,3,1,0,Y,C,LL,2,"3","7-11",2,"11",1,1,0,1,"72",73,"1310",21,LCLCL,26,14,20,,"15,24",2,11,"354 (00125: 7-11-18-20-27)",4,false,false,false,2026-05-11 13:11:22.495 +0700
CN,2026-02-22,"2","00478",2,9,12,16,31,3,0,7408955000,1,10000000,14,5000000,67,500000,234,100000,2559,30000,15847,10000,2,2,0,1,X,L,CL,3,"2","2-31",2,,0,0,1,2,"22",70,"2201",27,CLCCL,90,5,20,,"24",1,10,"2 (00476: 2-16-17-20-31)",3,false,false,false,2026-05-11 13:11:22.497 +0700
CN,2026-02-22,"1","00477",8,9,19,29,30,4,0,7260252500,2,10000000,11,5000000,93,500000,158,100000,2104,30000,10901,10000,2,1,1,1,X,C,CC,2,,"19-29",2,,2,2,0,0,"93",95,"2111",3,CLLLC,51,6,20,,"24",1,9,"11 (00466: 4-8-19-21-30)",3,false,false,false,2026-05-11 13:11:22.500 +0700
T7,2026-02-21,"2","00476",2,16,17,20,31,1,0,7206575000,1,10000000,4,5000000,68,500000,146,100000,2278,30000,11027,10000,1,2,1,1,X,L,CL,3,,"2-17-31",3,,1,1,0,0,,86,"1211",17,CCLCL,3,18,20,,"24",1,8,"61 (00415: 8-17-20-27-31)",3,false,false,false,2026-05-11 13:11:22.502 +0700
T7,2026-02-21,"1","00475",5,8,11,13,18,2,0,6992785000,0,10000000,3,5000000,53,500000,161,100000,1773,30000,10483,10000,2,3,0,0,X,C,LC,2,"2,3","5-11-13",3,"11",0,1,1,0,"82",55,"2300",139,LCLLC,38,12,20,,"24",1,7,"151 (00324: 4-8-11-18-35)",3,false,false,false,2026-05-11 13:11:22.505 +0700
T6,2026-02-20,"2","00474",1,9,18,28,33,7,0,6854822500,0,10000000,6,5000000,112,500000,216,100000,2265,30000,16302,10000,2,1,1,1,Y,L,LL,2,,,0,"33",0,1,0,1,"82",89,"2111",8,LLCCL,6,9,20,,"24",1,6,"352 (00122: 1-4-17-18-28)",3,false,false,false,2026-05-11 13:11:22.509 +0700
T7,2026-01-31,"1","00433",7,14,15,26,27,9,0,6303522500,1,10000000,6,5000000,64,500000,176,100000,1507,30000,11426,10000,1,2,2,0,Z,L,LL,2,"3","7",1,,2,0,0,1,"72",89,"1220",17,LCLCL,12,15,20,,,0,33,"50 (00383: 7-25-26-27-31)",3,false,false,false,2026-05-11 13:11:22.573 +0700
T6,2026-01-30,"2","00432",5,6,9,23,32,12,0,6271605000,0,10000000,7,5000000,61,500000,150,100000,2172,30000,10953,10000,3,0,1,1,Z,C,LC,2,"1","5-23",2,,1,1,0,0,,75,"3011",161,LCLLC,2,8,20,,,0,32,"31 (00401: 6-9-23-24-25)",3,false,false,false,2026-05-11 13:11:22.574 +0700
T6,2026-01-30,"1","00431",11,19,27,29,33,5,0,6134012500,1,10000000,6,5000000,66,500000,238,100000,2342,30000,16028,10000,0,2,2,1,Y,L,LL,0,"0","11-19-29",3,"11,33",0,0,1,0,"92",119,"0221",12,LLLLL,9,17,20,,,0,31,"285 (00146: 11-15-19-27-33)",4,false,false,false,2026-05-11 13:11:22.576 +0700
T5,2026-01-29,"2","00430",1,8,9,19,22,12,-1,20823951500,2,3507183250,69,55295000,737,5205000,2083,1765000,22823,180000,135664,10000,3,1,1,0,Z,C,LC,2,"3","19",1,"22",1,0,0,0,"92",59,"3110",5,LCLLC,7,11,20,,,0,30,"233 (00197: 8-9-22-32-33)",3,false,true,false,2026-05-11 13:11:22.577 +0700
T5,2026-01-29,"1","00429",4,11,17,26,31,11,0,13849507500,2,10000000,11,5000000,124,500000,319,100000,3740,30000,21970,10000,1,2,1,1,Z,L,CL,2,,"11-17-31",3,"11",0,0,0,3,"12",89,"1211",1,CLLCL,28,14,20,,,0,29,"3 (00426: 4-11-25-31-34)",3,false,false,false,2026-05-11 13:11:22.578 +0700
T4,2026-01-28,"2","00428",6,10,16,21,30,2,0,12754174500,2,10000000,10,5000000,138,500000,246,100000,3784,30000,19005,10000,1,2,1,1,X,C,CC,4,,,0,,0,0,1,1,"02,62",83,"1211",21,CCCLC,15,24,20,"6","6",1,28,"61 (00367: 4-6-13-16-30)",3,false,false,false,2026-05-11 13:11:22.580 +0700
T4,2026-01-28,"1","00427",2,20,21,24,32,1,0,11743538500,0,10000000,4,5000000,86,500000,102,100000,2263,30000,9127,10000,1,0,3,1,X,L,CC,4,"1","2",1,,1,1,0,1,"22",99,"1031",7,CCLCC,32,16,20,,"6",1,27,"64 (00363: 1-2-20-24-33)",3,false,false,false,2026-05-11 13:11:22.583 +0700
T3,2026-01-27,"2","00426",4,11,25,31,34,1,0,11043846500,0,10000000,5,5000000,101,500000,186,100000,2779,30000,13217,10000,1,1,1,2,X,L,CC,2,,"11-31",2,"11",0,1,0,0,"12,42",105,"1112",75,CLLLC,9,12,20,,"6",1,26,"312 (00114: 4-12-25-29-34)",3,false,false,false,2026-05-11 13:11:22.585 +0700
T3,2026-01-27,"1","00425",5,8,9,14,28,2,0,10145565500,0,10000000,4,5000000,75,500000,153,100000,1949,30000,9951,10000,3,1,1,0,X,C,LC,3,"3","5",1,,1,2,1,0,"82",64,"3110",25,LCLCC,86,13,20,,"6",1,25,"111 (00314: 9-12-14-28-35)",3,false,false,false,2026-05-11 13:11:22.587 +0700
T2,2026-01-26,"2","00424",9,23,29,34,35,12,0,9591930000,1,10000000,9,5000000,77,500000,198,100000,2558,30000,15916,10000,1,0,2,2,Z,C,LL,1,"1","23-29",2,,1,0,1,0,"92",130,"1022",35,LLLCL,53,16,20,,,0,24,"68 (00356: 22-23-26-34-35)",3,false,false,false,2026-05-11 13:11:22.590 +0700
T2,2026-01-26,"1","00423",3,18,25,29,32,8,0,8717820000,0,10000000,3,5000000,50,500000,199,100000,1605,30000,16940,10000,1,1,2,1,Y,C,LC,2,,"3-29",2,,0,1,0,1,,107,"1121",8,LCLLC,65,16,20,,,0,23,"18 (00405: 13-18-24-29-32)",3,false,false,false,2026-05-11 13:11:22.593 +0700
CN,2026-01-25,"2","00422",1,11,15,19,31,4,0,8344237500,1,10000000,2,5000000,59,500000,142,100000,1856,30000,13315,10000,1,3,0,1,X,C,LL,0,"2","11-19-31",3,"11",0,1,1,1,"13",77,"1301",139,LLLLL,99,32,20,"11","11",1,22,"11 (00411: 1-15-19-21-26)",3,false,false,false,2026-05-11 13:11:22.594 +0700
CN,2026-01-25,"1","00421",15,18,27,32,35,11,0,8158535000,0,10000000,4,5000000,48,500000,149,100000,1472,30000,12895,10000,0,2,1,2,Z,L,LL,2,"0",,0,,0,1,0,2,"52",127,"0212",4,LCLCL,7,11,20,,"11",1,21,"115 (00306: 18-29-30-32-35)",3,false,false,false,2026-05-11 13:11:22.595 +0700
T3,2026-01-06,"1","00383",7,25,26,27,31,5,0,8191917500,0,10000000,4,5000000,53,500000,150,100000,1619,30000,10114,10000,1,0,3,1,Y,L,LL,1,"1","7-31",2,,2,0,0,1,"72",116,"1031",40,LLCLL,8,22,20,"31","18,31,32",3,18,"37 (00346: 2-7-22-25-31)",3,false,false,false,2026-05-11 13:11:22.649 +0700
T2,2026-01-05,"2","00382",1,2,6,10,17,1,0,8097115000,2,10000000,3,5000000,67,500000,133,100000,2332,30000,11458,10000,3,2,0,0,X,L,LL,3,"2,3","2-17",2,,1,0,0,1,,36,"3200",41,LCCCL,19,19,20,,"18,31,32",3,17,"25 (00357: 1-2-4-10-33)",3,false,false,false,2026-05-11 13:11:22.651 +0700
T2,2026-01-05,"1","00381",5,13,14,19,26,9,0,7846557500,0,10000000,9,5000000,51,500000,179,100000,1569,30000,12896,10000,1,3,1,0,Z,L,LC,2,"3","5-13-19",3,,1,0,2,1,,77,"1310",33,LLCLC,72,12,20,,"18,32",2,16,"31 (00350: 11-12-13-14-19)",3,false,false,true,2026-05-11 13:11:22.652 +0700
CN,2026-01-04,"2","00380",13,16,26,29,34,2,0,7789697500,0,10000000,4,5000000,81,500000,186,100000,2085,30000,12693,10000,0,2,2,1,X,C,LC,3,"0","13-29",2,,0,1,1,2,"62",118,"0221",7,LCCLC,53,13,20,,"18,32",2,15,"69 (00311: 3-16-21-29-34)",3,false,false,false,2026-05-11 13:11:22.653 +0700
CN,2026-01-04,"1","00379",12,14,22,25,29,1,0,7619200000,0,10000000,2,5000000,44,500000,78,100000,1396,30000,5919,10000,0,2,3,0,X,L,CL,3,"0,3","29",1,"22",0,0,0,2,"22",102,"0230",4,CCCLL,15,4,20,,"18,32",2,14,"101 (00278: 8-12-14-25-35)",3,false,false,false,2026-05-11 13:11:22.654 +0700
T7,2026-01-03,"2","00378",2,6,24,28,34,1,0,7472605000,1,10000000,3,5000000,66,500000,104,100000,1888,30000,9820,10000,2,0,2,1,X,L,CC,5,"1","2",1,,0,1,0,0,"42",94,"2021",4,CCCCC,18,11,20,,"18,32",2,13,"226 (00152: 2-6-7-24-28)",4,false,false,false,2026-05-11 13:11:22.655 +0700
T7,2026-01-03,"1","00377",7,11,12,22,30,5,0,7302845000,0,10000000,5,5000000,53,500000,155,100000,1436,30000,9892,10000,1,2,1,1,Y,L,LC,3,,"7-11",2,"11,22",1,0,0,1,"22",82,"1211",40,LLCCC,94,18,20,,"18,32",2,12,"70 (00307: 2-12-22-30-32)",3,false,false,false,2026-05-11 13:11:22.656 +0700
T6,2026-01-02,"2","00376",3,9,10,14,25,6,0,7238197500,0,10000000,9,5000000,62,500000,224,100000,2148,30000,15627,10000,2,2,1,0,Y,C,LL,2,"3","3",1,,1,0,0,1,,61,"2210",58,LLCCL,8,27,20,"9","9,18,32",3,11,"66 (00310: 9-10-11-18-25)",3,false,false,false,2026-05-11 13:11:22.658 +0700
T6,2026-01-02,"1","00375",13,17,22,23,29,8,0,7145630000,1,10000000,9,5000000,47,500000,137,100000,1348,30000,11386,10000,0,2,3,0,Y,C,LL,1,"0,3","13-17-23-29",4,"22",1,1,0,0,"32",104,"0230",98,LLCLL,21,28,20,"29","9,18,29",3,10,"165 (00210: 13-16-21-22-23)",3,false,false,false,2026-05-11 13:11:22.659 +0700
T6,2025-12-12,"1","00333",8,25,30,33,34,11,0,9191987500,1,10000000,1,5000000,66,500000,151,100000,1997,30000,10544,10000,1,0,1,3,Z,L,CC,3,"1",,0,"33",1,0,0,1,,130,"1013",4,CLCLC,67,11,20,,"6,19",2,28,"48 (00285: 3-17-30-33-34)",3,false,false,false,2026-05-11 13:11:22.726 +0700
T5,2025-12-11,"2","00332",3,10,16,23,29,11,0,9035090000,1,10000000,6,5000000,69,500000,218,100000,2336,30000,17357,10000,1,2,2,0,Z,L,LL,2,"3","3-23-29",3,,0,0,1,0,"32",81,"1220",10,LCCLL,32,7,20,,"6",1,27,"7 (00325: 2-3-16-23-31)",3,false,false,false,2026-05-11 13:11:22.727 +0700
T5,2025-12-11,"1","00331",7,8,10,12,32,2,0,8884142500,1,10000000,1,5000000,72,500000,120,100000,1906,30000,9711,10000,2,2,0,1,X,C,LC,4,"2","7",1,,1,1,0,0,"22",69,"2201",4,LCCCC,12,13,20,,"6",1,26,"4 (00327: 1-8-10-13-32)",3,false,false,false,2026-05-11 13:11:22.728 +0700
T4,2025-12-10,"2","00330",1,15,26,29,33,9,0,8769450000,1,10000000,3,5000000,72,500000,175,100000,2055,30000,16668,10000,1,1,2,1,Z,L,LL,1,,"29",1,"33",0,2,1,0,,104,"1121",19,LLCLL,12,33,20,"15","6,15",2,25,"33 (00297: 11-12-15-28-33)",2,false,false,false,2026-05-11 13:11:22.729 +0700
T4,2025-12-10,"1","00329",1,24,30,34,35,3,0,8595060000,0,10000000,7,5000000,35,500000,116,100000,1316,30000,9424,10000,1,0,1,3,X,L,LL,3,"1",,0,,1,2,1,2,"42",124,"1013",,LCCCL,15,14,20,,"6,15",2,24,"25 (00304: 1-10-16-30-34)",3,false,false,false,2026-05-11 13:11:22.730 +0700
T3,2025-12-09,"2","00328",2,10,23,33,35,4,0,8455010000,0,10000000,7,5000000,52,500000,172,100000,1927,30000,14397,10000,1,1,1,2,X,C,CL,2,,"2-23",2,"33",0,0,1,2,"32",103,"1112",12,CCLLL,57,16,20,,"6,15",2,23,"144 (00184: 10-31-33-34-35)",3,false,false,false,2026-05-11 13:11:22.731 +0700
T2,2025-11-17,"1","00283",3,13,14,18,34,2,0,8764728500,0,10000000,1,5000000,50,500000,112,100000,1612,30000,11165,10000,1,3,0,1,X,C,LC,3,"2","3-13",2,,1,0,1,0,"32,42",82,"1301",50,LLCCC,35,17,20,,"16",1,17,"22 (00261: 3-13-14-19-28)",3,false,false,false,2026-05-11 13:11:22.789 +0700
CN,2025-11-16,"2","00282",1,18,20,26,30,12,0,8212317500,1,10000000,5,5000000,50,500000,140,100000,1921,30000,11331,10000,1,1,2,1,Z,C,LC,4,,,0,,0,2,0,0,"02",95,"1121",3,LCCCC,18,22,20,"1","1,16",2,16,"184 (00098: 3-18-20-26-30)",4,false,false,false,2026-05-11 13:11:22.791 +0700
CN,2025-11-16,"1","00281",2,15,21,22,28,7,0,7527290000,0,10000000,3,5000000,37,500000,109,100000,1288,30000,11008,10000,1,1,3,0,Y,L,CC,3,"3","2",1,"22",1,1,2,2,"22",88,"1130",51,CLLCC,40,2,20,,"1,16",2,15,"2 (00279: 2-15-20-22-32)",3,false,false,false,2026-05-11 13:11:22.792 +0700
T5,2025-10-23,"1","00233",6,10,11,12,30,4,0,6079422500,2,10000000,2,5000000,54,500000,126,100000,1406,30000,8845,10000,1,3,0,1,X,C,CC,4,"2","11",1,"11",2,1,2,1,"02",69,"1301",194,CCLCC,15,13,20,,"5,27",2,1,"77 (00156: 6-10-11-12-27)",4,false,false,false,2026-05-11 13:11:22.847 +0700
T7,2025-08-16,"2","00098",3,18,20,26,30,2,0,6325257500,0,10000000,7,5000000,106,500000,232,100000,2615,30000,14901,10000,1,1,2,1,X,C,LC,4,,"3",1,,0,1,0,0,"02",97,"1121",9,LCCCC,33,6,20,,"14",1,25,"2 (00096: 3-9-20-26-33)",3,false,false,false,2026-05-11 13:11:22.981 +0700
CN,2025-09-28,"1","00183",4,7,10,15,30,7,0,8271743500,0,10000000,5,5000000,48,500000,165,100000,1668,30000,10499,10000,2,2,0,1,Y,L,CC,3,"2","7",1,,0,0,0,2,"02",66,"2201",95,CLCLC,74,28,20,"7","7,32",2,59,"53 (00130: 5-7-10-21-30)",3,false,false,false,2026-05-11 13:11:22.894 +0700
T7,2025-09-27,"2","00182",3,9,21,22,25,11,0,7806005500,0,10000000,5,5000000,76,500000,183,100000,2116,30000,15057,10000,2,0,3,0,Z,L,LL,1,"1,3","3",1,"22",1,1,1,1,,80,"2030",150,LLLCL,13,10,20,,"7,32",2,58,"135 (00047: 3-14-16-21-25)",3,false,false,false,2026-05-11 13:11:22.895 +0700
T7,2025-09-27,"1","00181",6,18,19,21,23,7,0,7342412500,0,10000000,4,5000000,40,500000,133,100000,1553,30000,10324,10000,1,2,2,0,Y,L,CL,2,"3","19-23",2,,1,0,1,0,,87,"1220",7,CCLLL,58,12,20,,"7,32",2,57,"60 (00121: 3-18-19-23-30)",3,false,false,false,2026-05-11 13:11:22.896 +0700
T6,2025-09-26,"2","00180",10,21,28,31,33,7,0,7238972500,1,10000000,7,5000000,62,500000,184,100000,1792,30000,17288,10000,0,1,2,2,Y,L,CL,2,"0","31",1,"33",0,1,1,0,"12",123,"0122",15,CLCLL,8,27,20,"33","7,32,33",3,56,"57 (00123: 8-10-21-27-31)",3,false,false,false,2026-05-11 13:11:22.898 +0700
T4,2025-09-03,"1","00133",1,6,9,17,26,4,0,7167017500,0,10000000,10,5000000,57,500000,139,100000,1576,30000,10812,10000,3,1,1,0,X,C,LC,2,"3","17",1,,0,0,1,1,"62",59,"3110",64,LCLLC,6,15,20,,"16,33",2,9,"49 (00084: 9-16-17-26-32)",3,false,false,false,2026-05-11 13:11:22.947 +0700
T3,2025-09-02,"2","00132",5,9,12,32,35,1,0,7079790000,1,10000000,3,5000000,64,500000,121,100000,2279,30000,10084,10000,2,1,0,2,X,L,LL,2,"2","5",1,,0,1,1,1,"22,52",93,"2102",31,LLCCL,7,23,20,"32","32,33",2,8,"55 (00077: 12-25-31-32-35)",3,false,false,false,2026-05-11 13:11:22.948 +0700
T3,2025-09-02,"1","00131",1,10,12,22,31,2,0,6875282500,0,10000000,2,5000000,36,500000,106,100000,1357,30000,11143,10000,1,2,1,1,X,C,LL,3,,"31",1,"22",0,0,1,2,"12,22",76,"1211",10,LCCCL,2,7,20,,"32,33",2,7,"3 (00128: 2-10-22-23-31)",3,false,false,false,2026-05-11 13:11:22.949 +0700
T2,2025-09-01,"2","00130",5,7,10,21,30,7,0,6742730000,1,10000000,7,5000000,85,500000,233,100000,2492,30000,16454,10000,2,1,1,1,Y,L,LC,2,,"5-7",2,,0,1,1,1,"02",73,"2111",3,LLCLC,15,25,20,"5","5,32,33",3,6,"89 (00041: 5-19-20-21-30)",3,false,false,false,2026-05-11 13:11:22.950 +0700
T2,2025-09-01,"1","00129",9,22,24,30,35,7,0,6567697500,0,10000000,3,5000000,71,500000,176,100000,1702,30000,12613,10000,1,0,2,2,Y,L,LL,3,"1",,0,"22",0,3,1,1,,120,"1022",32,LCCCL,26,10,20,,"5",1,5,"9 (00120: 2-9-10-24-30)",3,false,false,false,2026-05-11 13:11:22.952 +0700
CN,2025-08-31,"2","00128",2,10,22,23,31,12,0,6457232500,1,10000000,6,5000000,67,500000,168,100000,2032,30000,12349,10000,1,1,2,1,Z,C,CL,3,,"2-23-31",3,"22",1,0,0,3,"22",88,"1121",5,CCCLL,48,9,20,,"5",1,4,"5 (00123: 8-10-21-27-31)",2,false,false,true,2026-05-11 13:11:22.952 +0700
CN,2025-08-31,"1","00127",1,8,19,21,30,11,0,6299385000,1,10000000,5,5000000,29,500000,166,100000,1433,30000,10609,10000,2,1,1,1,Z,L,LC,2,,"19",1,,0,1,0,1,"12",79,"2111",7,LCLLC,6,6,20,,"5",1,3,"14 (00113: 8-9-21-23-30)",3,false,false,false,2026-05-11 13:11:22.953 +0700
T7,2025-08-30,"2","00126",4,6,14,15,20,9,0,6201855000,1,10000000,4,5000000,63,500000,179,100000,1917,30000,16035,10000,2,2,1,0,Z,L,CC,4,"3",,0,,1,1,1,0,"42",59,"2210",4,CCCLC,40,14,20,,"5",1,2,"15 (00111: 4-13-14-26-30)",2,false,false,false,2026-05-11 13:11:22.954 +0700
T7,2025-08-09,"1","00083",2,15,20,24,28,10,0,7513775000,0,10000000,6,5000000,70,500000,197,100000,2062,30000,15030,10000,1,1,3,0,Z,C,CC,4,"3","2",1,,0,1,2,1,,89,"1130",,CLCCC,52,22,20,"28","11,17,28",3,10,"38 (00045: 8-20-24-27-28)",3,false,false,false,2026-05-11 13:11:22.996 +0700
T6,2025-08-08,"2","00082",1,9,15,16,20,11,0,7365807500,1,10000000,7,5000000,96,500000,208,100000,2798,30000,17897,10000,2,2,1,0,Z,L,LC,2,"3",,0,,1,1,1,1,,61,"2210",27,LLLCC,71,14,20,,"11,17,28",3,9,"4 (00078: 7-10-15-16-29)",2,false,false,false,2026-05-11 13:11:22.997 +0700
T6,2025-08-08,"1","00081",2,15,22,30,33,6,0,7117630000,0,10000000,8,5000000,59,500000,221,100000,2144,30000,16854,10000,1,1,1,2,Y,C,CL,3,,"2",1,"22,33",0,1,0,0,"22",102,"1112",38,CLCCL,18,35,20,"2","2,11,17",3,8,"35 (00046: 2-16-18-22-30)",3,false,false,false,2026-05-11 13:11:22.998 +0700
T5,2025-08-07,"2","00080",6,12,18,23,25,11,0,6978530000,2,10000000,19,5000000,167,500000,331,100000,3871,30000,18885,10000,1,2,2,0,Z,L,CL,3,"3","23",1,,0,0,1,0,,84,"1220",10,CCCLL,,9,20,,"2,11,17",3,7,"78 (00002: 6-12-14-18-25)",4,false,false,false,2026-05-11 13:11:22.999 +0700
T5,2025-08-07,"1","00079",1,18,27,29,30,7,0,6907245000,0,10000000,5,5000000,72,500000,213,100000,1773,30000,17950,10000,1,1,2,1,Y,L,LC,2,,"29",1,,1,0,1,1,,105,"1121",5,LCLLC,7,15,20,,"2,11,17",3,6,"29 (00050: 17-18-27-29-33)",3,false,false,false,2026-05-11 13:11:23.000 +0700
T4,2025-08-06,"2","00078",7,10,15,16,29,9,0,6784097500,1,10000000,13,5000000,97,500000,376,100000,2858,30000,21873,10000,1,3,1,0,Z,L,LL,2,"3","7-29",2,,1,0,0,0,,77,"1310",40,LCLCL,26,11,20,,"2,11,17",3,5,"6 (00072: 7-14-15-29-34)",3,false,false,false,2026-05-11 13:11:23.002 +0700
T4,2025-08-06,"1","00077",12,25,31,32,35,4,0,6655630000,1,10000000,8,5000000,80,500000,183,100000,2133,30000,15239,10000,0,1,1,3,X,C,CL,2,"0","31",1,,1,2,1,0,"22,52",135,"0113",,CLLCL,55,25,20,"35","2,11,17,35",4,4,"43 (00034: 9-12-22-31-35)",3,false,false,false,2026-05-11 13:11:23.003 +0700
T3,2025-08-05,"2","00076",5,8,10,13,32,10,0,6540562500,0,10000000,11,5000000,99,500000,278,100000,2981,30000,17366,10000,2,2,0,1,Z,C,LC,3,"2","5-13",2,,0,0,1,0,,68,"2201",,LCCLC,44,7,20,,"2,17,35",3,3,"2 (00074: 5-13-23-25-33)",2,false,false,true,2026-05-11 13:11:23.003 +0700
T3,2025-08-05,"1","00075",8,20,24,30,34,1,0,6360402500,2,10000000,4,5000000,75,500000,125,100000,2073,30000,9811,10000,1,0,2,2,X,L,CC,5,"1",,0,,0,1,0,2,"02,42",116,"1022",2,CCCCC,17,10,20,,"2,17,35",3,2,"30 (00045: 8-20-24-27-28)",3,false,false,false,2026-05-11 13:11:23.004 +0700
T2,2025-08-04,"2","00074",5,13,23,25,33,11,0,6192165000,0,10000000,7,5000000,108,500000,294,100000,3162,30000,17914,10000,1,1,2,1,Z,L,LL,0,,"5-13-23",3,"33",0,0,2,1,"33,52",99,"1121",6,LLLLL,39,10,20,,"2,17,35",3,1,"1 (00073: 5-20-25-30-32)",2,false,false,false,2026-05-11 13:11:23.004 +0700
T2,2025-08-04,"1","00073",5,20,25,30,32,10,2,3171095000,0,10000000,9,5000000,78,500000,160,100000,2169,30000,12808,10000,1,0,2,2,Z,C,LC,3,"1","5",1,,0,0,0,1,"02,52",112,"1022",24,LCLCC,20,15,20,,"2,17,35",3,0,"32 (00041: 5-19-20-21-30)",3,true,false,false,2026-05-11 13:11:23.005 +0700
CN,2025-08-03,"2","00072",7,14,15,29,34,9,0,6214160000,1,10000000,18,5000000,89,500000,246,100000,2519,30000,18315,10000,1,2,1,1,Z,L,LC,2,,"7-29",2,,1,1,0,1,"42",99,"1211",26,LCLLC,59,12,20,,"2,17",2,2,"59 (00013: 5-14-15-23-34)",3,false,false,false,2026-05-11 13:11:23.006 +0700
CN,2025-08-03,"1","00071",1,6,8,23,25,12,0,6132207500,0,10000000,12,5000000,56,500000,169,100000,1860,30000,12607,10000,3,0,2,0,Z,C,LL,2,"1,3","23",1,,0,0,2,0,,63,"3020",45,LCCLL,5,20,20,,"2,17",2,1,"54 (00017: 1-8-14-19-23)",3,false,false,false,2026-05-11 13:11:23.006 +0700
T3,2025-07-15,"1","00033",3,7,12,19,26,6,0,9050240500,0,10000000,15,5000000,102,500000,276,100000,2638,30000,18024,10000,2,2,1,0,Y,C,LC,2,"3","3-7-19",3,,0,1,1,0,,67,"2210",2,LLCLC,18,6,20,,"4,21,33",3,17,"2 (00031: 2-3-12-14-22)",2,false,false,false,2026-05-11 13:11:23.041 +0700
T2,2025-07-14,"2","00032",7,8,22,23,28,5,0,8589070000,2,10000000,12,5000000,117,500000,396,100000,3603,30000,25652,10000,2,0,3,0,Y,L,LC,3,"1,3","7-23",2,"22",2,0,1,1,"82",88,"2030",,LCCLC,20,15,20,,"4,21,33",3,16,"10 (00022: 2-7-9-28-31)",2,false,false,false,2026-05-11 13:11:23.041 +0700
T2,2025-07-14,"1","00031",2,3,12,14,22,3,0,8428275000,1,10000000,3,5000000,65,500000,223,100000,2439,30000,15225,10000,2,2,1,0,X,L,CC,4,"3","2-3",2,"22",1,0,2,0,"23",53,"2210",14,CLCCC,13,16,20,,"4,21,33",3,15,"1 (00030: 12-14-19-27-34)",2,false,false,true,2026-05-11 13:11:23.042 +0700
CN,2025-07-13,"2","00030",12,14,19,27,34,8,0,8216972500,3,10000000,22,5000000,110,500000,386,100000,3034,30000,25985,10000,0,3,1,1,Y,C,CC,3,"0","19",1,,0,2,2,1,"42",106,"0311",11,CCLLC,,9,20,,"4,21",2,14,"1 (00029: 13-15-19-22-27)",2,false,false,false,2026-05-11 13:11:23.043 +0700
CN,2025-07-13,"1","00029",13,15,19,22,27,10,0,8194275000,0,10000000,9,5000000,85,500000,228,100000,2646,30000,14272,10000,0,3,2,0,Z,C,LL,1,"0,3","13-19",2,"22",0,2,0,0,,96,"0320",,LLLCL,,14,20,,"4,21",2,13,"15 (00014: 3-13-19-25-29)",2,false,false,true,2026-05-11 13:11:23.043 +0700
T7,2025-07-12,"2","00028",5,11,16,20,34,6,0,8069175000,0,10000000,10,5000000,85,500000,264,100000,2360,30000,17797,10000,1,2,1,1,Y,C,LC,3,,"5-11",2,"11",0,1,1,0,,86,"1211",13,LLCCC,2,25,20,"16","4,16,21",3,12,"22 (00006: 5-18-20-30-34)",3,false,false,false,2026-05-11 13:11:23.044 +0700
T7,2025-07-12,"1","00027",5,14,26,31,35,7,0,7962020000,0,10000000,7,5000000,51,500000,210,100000,1752,30000,16867,10000,1,1,1,2,Y,L,LL,2,,"5-31",2,,0,0,1,0,"52",111,"1112",21,LCCLL,6,8,20,,"4,16,21",3,11,"8 (00019: 14-15-17-28-31)",2,false,false,false,2026-05-11 13:11:23.045 +0700
T6,2025-07-11,"2","00026",1,5,8,20,24,8,0,7815150000,1,10000000,2,5000000,94,500000,253,100000,2733,30000,24517,10000,3,0,2,0,Y,C,LC,3,"1,3","5",1,,0,0,2,0,,58,"3020",,LLCCC,3,13,20,,"4,16,21",3,10,"1 (00025: 8-11-17-18-20)",2,false,false,false,2026-05-11 13:11:23.045 +0700
T6,2025-07-11,"1","00025",8,11,17,18,20,1,0,7625090000,1,10000000,7,5000000,94,500000,171,100000,2718,30000,9724,10000,1,3,1,0,X,L,CC,3,"3","11-17",2,"11",1,1,0,0,"82",74,"1310",23,CLLCC,,13,20,,"4,16,21",3,9,"2 (00023: 11-17-24-28-30)",2,false,false,true,2026-05-11 13:11:23.046 +0700
T5,2025-07-10,"2","00024",9,24,29,32,35,8,0,7449222500,0,10000000,6,5000000,76,500000,258,100000,2568,30000,21221,10000,1,0,2,2,Y,C,LL,2,"1","29",1,,0,1,1,1,"92",129,"1022",,LCLCL,,15,20,,"4,16,21",3,8,"16 (00008: 9-11-27-29-35)",3,false,false,false,2026-05-11 13:11:23.046 +0700
T7,2026-04-11,"2","00574",3,6,8,20,35,6,0,7542970000,0,10000000,11,5000000,82,500000,175,100000,1845,30000,13312,10000,3,0,1,1,Y,C,LL,3,"1","3",1,,0,1,0,2,,72,"3011",142,LCCCL,39,13,20,,"2,5",2,15,"54 (00520: 3-6-28-30-35)",3,false,false,false,2026-05-11 13:11:22.292 +0700
T7,2026-04-11,"1","00573",7,13,15,19,32,9,0,7423970000,0,10000000,8,5000000,53,500000,177,100000,1570,30000,14122,10000,1,3,0,1,Z,L,LC,1,"2","7-13-19",3,,0,0,3,0,,86,"1301",39,LLLLC,1,10,20,,"2,5",2,14,"41 (00532: 7-15-19-27-32)",4,false,false,false,2026-05-11 13:11:22.297 +0700
T6,2026-04-10,"2","00572",7,15,19,23,24,6,0,7384457500,1,10000000,9,5000000,83,500000,192,100000,2396,30000,13987,10000,1,2,2,0,Y,C,LC,1,"3","7-19-23",3,,1,1,0,0,,88,"1220",12,LLLLC,29,15,20,,"5",1,13,"202 (00370: 7-15-23-24-33)",4,false,false,false,2026-05-11 13:11:22.299 +0700
T6,2026-04-10,"1","00571",8,17,21,31,35,5,0,7305362500,0,10000000,1,5000000,48,500000,138,100000,1299,30000,9782,10000,1,1,1,2,Y,L,CL,1,,"17-31",2,,0,1,1,1,"12",112,"1112",18,CLLLL,53,13,20,,"5",1,12,"156 (00415: 8-17-20-27-31)",3,false,false,false,2026-05-11 13:11:22.301 +0700
T5,2026-04-09,"2","00570",8,10,11,22,30,2,0,7185322500,1,10000000,4,5000000,77,500000,151,100000,2107,30000,10792,10000,1,2,1,1,X,C,CC,4,,"11",1,"11,22",1,0,0,1,"02",81,"1211",19,CCLCC,3,15,20,,"5",1,11,"48 (00522: 2-8-10-22-23)",3,false,false,false,2026-05-11 13:11:22.305 +0700
T5,2026-04-09,"1","00569",1,7,18,33,34,1,0,7045377500,0,10000000,2,5000000,35,500000,80,100000,1293,30000,6558,10000,2,1,0,2,X,L,LC,2,"2","7",1,"33",1,1,0,0,,93,"2102",76,LLCLC,5,22,20,"7","5,7",2,10,"76 (00493: 1-7-15-34-35)",3,false,false,false,2026-05-11 13:11:22.307 +0700
T4,2026-04-08,"2","00568",19,20,21,26,31,5,0,6895460000,0,10000000,7,5000000,57,500000,206,100000,1853,30000,13204,10000,0,1,3,1,Y,L,LL,2,"0","19-31",2,,2,2,1,1,"12",117,"0131",25,LCLCL,6,9,20,,"5,7",2,9,"12 (00556: 15-19-20-26-29)",3,false,false,false,2026-05-11 13:11:22.310 +0700
T4,2026-04-08,"1","00567",10,16,19,22,32,12,0,6789115000,0,10000000,3,5000000,65,500000,105,100000,1439,30000,8437,10000,0,3,1,1,Z,C,CC,4,"0","19",1,"22",0,1,0,0,"22",99,"0311",76,CCLCC,54,9,20,,"5",1,8,"84 (00483: 11-16-19-21-32)",3,false,false,false,2026-05-11 13:11:22.311 +0700
T3,2026-04-07,"2","00566",1,8,12,20,28,2,0,6700970000,0,10000000,5,5000000,60,500000,168,100000,1946,30000,10688,10000,2,1,2,0,X,C,LC,4,"3",,0,,0,2,0,0,"82",69,"2120",39,LCCCC,20,20,20,,"5",1,7,"20 (00546: 1-8-14-16-28)",3,false,false,false,2026-05-11 13:11:22.313 +0700
T3,2026-04-07,"1","00565",9,18,21,26,34,4,0,6564392500,1,10000000,4,5000000,65,500000,91,100000,1370,30000,6940,10000,1,1,2,1,X,C,LC,3,,,0,,0,1,0,2,,108,"1121",27,LCLCC,28,10,20,,"5",1,6,"110 (00455: 9-20-23-26-34)",3,false,false,false,2026-05-11 13:11:22.314 +0700
T2,2026-04-06,"2","00564",11,17,22,25,28,4,0,6471932500,0,10000000,11,5000000,106,500000,171,100000,2170,30000,13376,10000,0,2,3,0,X,C,LC,2,"0,3","11-17",2,"11,22",0,0,0,1,,103,"0230",2,LLCLC,1,14,20,,"5",1,5,"56 (00508: 7-11-25-28-30)",3,false,false,false,2026-05-11 13:11:22.317 +0700
T2,2026-04-06,"1","00563",3,13,16,33,34,4,0,6351960000,0,10000000,7,5000000,61,500000,159,100000,1379,30000,12002,10000,1,2,0,2,X,C,LC,2,"2","3-13",2,"33",1,1,1,0,"33",99,"1202",71,LLCLC,19,22,20,"33","5,33",2,4,"183 (00380: 13-16-26-29-34)",3,false,false,false,2026-05-11 13:11:22.319 +0700
CN,2026-04-05,"2","00562",13,14,25,26,29,1,0,6290055000,2,10000000,2,5000000,64,500000,99,100000,1866,30000,7326,10000,0,2,3,0,X,L,LL,2,"0,3","13-29",2,,2,0,1,1,,107,"0230",5,LCLCL,2,8,20,,"5,33",2,3,"23 (00539: 13-19-26-29-32)",3,false,false,false,2026-05-11 13:11:22.322 +0700
CN,2026-04-05,"1","00561",6,10,11,18,25,7,0,6146602500,0,10000000,3,5000000,56,500000,142,100000,1356,30000,8367,10000,1,3,1,0,Y,L,CL,3,"3","11",1,"11",1,1,1,1,,70,"1310",31,CCLCL,85,17,20,,"5",1,2,"251 (00310: 9-10-11-18-25)",4,false,false,false,2026-05-11 13:11:22.323 +0700
T7,2026-04-04,"2","00560",3,18,19,24,27,6,0,6083257500,0,10000000,7,5000000,49,500000,177,100000,1712,30000,11171,10000,1,2,2,0,Y,C,LL,2,"3","3-19",2,,1,1,2,0,,91,"1220",10,LCLCL,62,6,20,,"5",1,1,"10 (00550: 9-17-18-24-27)",3,false,false,false,2026-05-11 13:11:22.325 +0700
T7,2026-04-04,"1","00559",3,9,15,19,31,1,1,7277287500,0,10000000,3,5000000,59,500000,84,100000,1701,30000,6221,10000,2,2,0,1,X,L,LL,0,"2","3-19-31",3,,0,1,0,1,"92",77,"2201",81,LLLLL,12,10,20,,"5",1,0,"112 (00447: 2-3-9-10-31)",3,true,false,false,2026-05-11 13:11:22.326 +0700
T6,2026-04-03,"2","00558",18,22,28,32,35,3,0,7140180000,2,10000000,5,5000000,110,500000,198,100000,2181,30000,13565,10000,0,1,2,2,X,L,CL,4,"0",,0,"22",0,1,1,1,"22,82",135,"0122",17,CCCCL,6,7,20,,"5",1,35,"6 (00552: 2-18-28-30-35)",3,false,false,false,2026-05-11 13:11:22.328 +0700
T6,2026-04-03,"1","00557",14,18,23,25,27,1,0,7040317500,0,10000000,2,5000000,81,500000,100,100000,1778,30000,6834,10000,0,2,3,0,X,L,CL,2,"0,3","23",1,,0,3,0,1,,107,"0230",1,CCLLL,21,7,20,,,0,34,"53 (00504: 3-18-23-25-32)",3,false,false,false,2026-05-11 13:11:22.330 +0700
T5,2026-04-02,"2","00556",15,19,20,26,29,7,0,6920822500,1,10000000,10,5000000,91,500000,197,100000,2526,30000,15681,10000,0,2,3,0,Y,L,LL,2,"0,3","19-29",2,,1,2,0,1,"92",109,"0230",47,LLCCL,6,11,20,,,0,33,"14 (00542: 15-16-26-29-30)",3,false,false,false,2026-05-11 13:11:22.333 +0700
T5,2026-04-02,"1","00555",4,6,21,25,30,5,0,6846195000,0,10000000,3,5000000,43,500000,116,100000,1001,30000,7364,10000,2,0,2,1,Y,L,CC,3,"1",,0,,0,0,0,1,,86,"2021",6,CCLLC,55,12,20,,,0,32,"89 (00466: 4-8-19-21-30)",3,false,false,false,2026-05-11 13:11:22.335 +0700
T4,2026-04-01,"2","00554",12,13,18,23,24,3,0,6764832500,0,10000000,9,5000000,72,500000,209,100000,2337,30000,12399,10000,0,3,2,0,X,L,CC,3,"0,3","13-23",2,,2,1,0,1,"32",90,"0320",30,CLCLC,55,9,20,,,0,31,"66 (00488: 12-14-18-24-26)",3,false,false,false,2026-05-11 13:11:22.336 +0700
T4,2026-04-01,"1","00553",4,14,22,31,34,7,0,6651497500,1,10000000,7,5000000,77,500000,153,100000,1404,30000,11472,10000,1,1,1,2,Y,L,CC,4,,"31",1,"22",0,1,0,1,"43",105,"1112",1,CCCLC,72,13,20,,,0,30,"127 (00426: 4-11-25-31-34)",3,false,false,false,2026-05-11 13:11:22.338 +0700
T3,2026-03-31,"2","00552",2,18,28,30,35,5,0,6619740000,0,10000000,2,5000000,54,500000,193,100000,1699,30000,15405,10000,1,1,1,2,Y,L,CL,4,,"2",1,,0,0,1,0,"82",113,"1112",24,CCCCL,28,24,20,"35","35",1,29,"32 (00520: 3-6-28-30-35)",3,false,false,false,2026-05-11 13:11:22.339 +0700
T3,2026-03-31,"1","00551",9,15,18,20,32,2,0,6492402500,0,10000000,6,5000000,33,500000,132,100000,1370,30000,8209,10000,1,2,1,1,X,C,LC,3,,,0,,0,0,2,1,,94,"1211",14,LLCCC,148,21,20,"20","20,35",2,28,"107 (00444: 4-5-15-18-32)",3,false,false,false,2026-05-11 13:11:22.340 +0700
T2,2026-03-30,"2","00550",9,17,18,24,27,8,0,6394307500,0,10000000,6,5000000,86,500000,231,100000,2550,30000,14780,10000,1,2,2,0,Y,C,LL,2,"3","17",1,,1,0,1,0,"72",95,"1220",14,LLCCL,9,13,20,,"35",1,27,"99 (00451: 4-9-17-18-35)",3,false,false,false,2026-05-11 13:11:22.342 +0700
T2,2026-03-30,"1","00549",2,3,22,24,34,8,0,6265077500,0,10000000,4,5000000,43,500000,152,100000,1312,30000,11728,10000,2,0,2,1,Y,C,CC,4,"1","2-3",2,"22",1,1,1,1,"22,42",85,"2021",35,CLCCC,4,32,20,"24","24,35",2,26,"171 (00378: 2-6-24-28-34)",3,false,false,false,2026-05-11 13:11:22.343 +0700
CN,2026-03-29,"2","00548",9,17,22,23,29,12,0,6179802500,0,10000000,6,5000000,88,500000,139,100000,2036,30000,10165,10000,1,1,3,0,Z,C,LL,1,"3","17-23-29",3,"22",1,0,0,1,"92",100,"1130",46,LLCLL,58,22,20,"9,22","9,22,24",3,25,"173 (00375: 13-17-22-23-29)",4,false,false,true,2026-05-11 13:11:22.345 +0700
CN,2026-03-29,"1","00547",3,7,13,19,21,11,0,6077917500,0,10000000,6,5000000,77,500000,156,100000,1756,30000,9962,10000,2,2,1,0,Z,L,LL,0,"3","3-7-13-19",4,,0,2,0,0,"32",63,"2210",1,LLLLL,24,12,20,,"9,24",2,24,"229 (00318: 3-7-12-13-21)",4,false,false,false,2026-05-11 13:11:22.348 +0700
T7,2026-03-28,"2","00546",1,8,14,16,28,10,-1,21464939500,5,1459307900,59,65635000,817,4875000,2013,1875000,24093,175000,171626,10000,2,2,1,0,Z,C,LC,4,"3",,0,,0,0,0,1,"82",67,"2210",1,LCCCC,6,6,20,,"24",1,23,"6 (00540: 1-4-8-14-26)",3,false,true,true,2026-05-11 13:11:22.349 +0700
T7,2026-03-28,"1","00545",6,7,10,12,26,3,0,13815185500,2,10000000,11,5000000,156,500000,296,100000,4239,30000,19948,10000,2,2,1,0,X,L,CC,4,"3","7",1,,1,1,0,1,"62",61,"2210",12,CLCCC,28,23,20,"10","10,24",2,22,"88 (00457: 6-10-11-26-29)",3,false,false,false,2026-05-11 13:11:22.351 +0700
T6,2026-03-27,"2","00544",1,11,30,31,32,3,0,12759674500,0,10000000,4,5000000,94,500000,262,100000,2778,30000,22721,10000,1,1,0,3,X,L,LC,2,"2","11-31",2,"11",2,0,0,0,"13",105,"1103",259,LLCLC,5,25,20,"31","10,24,31",3,21,"75 (00469: 11-17-25-30-32)",3,false,false,false,2026-05-11 13:11:22.354 +0700
T6,2026-03-27,"1","00543",13,21,25,27,34,10,0,11715230500,0,10000000,10,5000000,83,500000,214,100000,2311,30000,15023,10000,0,1,3,1,Z,C,LC,1,"0","13",1,,0,1,0,1,,120,"0131",76,LLLLC,11,15,20,,"10,24,31",3,20,"56 (00487: 2-13-19-25-27)",3,false,false,true,2026-05-11 13:11:22.356 +0700
T5,2026-03-26,"2","00542",15,16,26,29,30,11,0,11043280500,3,10000000,9,5000000,90,500000,220,100000,2523,30000,18368,10000,0,2,2,1,Z,L,LC,3,"0","29",1,,2,1,2,2,"62",116,"0221",3,LCCLC,47,18,20,,"24,31",2,19,"18 (00524: 12-16-18-26-29)",3,false,false,true,2026-05-11 13:11:22.357 +0700
T5,2026-03-26,"1","00541",15,23,28,30,33,8,0,10257387500,0,10000000,8,5000000,71,500000,218,100000,1701,30000,15074,10000,0,1,2,2,Y,C,LL,2,"0","23",1,"33",0,0,0,1,"32",129,"0122",73,LLCCL,13,12,20,,"24,31",2,18,"171 (00370: 7-15-23-24-33)",3,false,false,false,2026-05-11 13:11:22.359 +0700
T4,2026-03-25,"2","00540",1,4,8,14,26,12,0,9758044500,0,10000000,13,5000000,65,500000,254,100000,2049,30000,15840,10000,3,1,1,0,Z,C,LC,4,"3",,0,,0,0,1,1,"42",53,"3110",5,LCCCC,24,15,20,,"24,31",2,17,"46 (00494: 1-8-14-23-35)",3,false,false,false,2026-05-11 13:11:22.361 +0700
T4,2026-03-25,"1","00539",13,19,26,29,32,7,0,9024563500,0,10000000,6,5000000,67,500000,183,100000,1690,30000,14285,10000,0,2,2,1,Y,L,LC,2,"0","13-19-29",3,,0,1,2,0,"92",119,"0221",28,LLCLC,12,13,20,,"24",1,16,"30 (00509: 13-19-21-24-29)",3,false,false,false,2026-05-11 13:11:22.362 +0700
T3,2026-03-24,"2","00538",8,19,23,27,32,1,0,8551022500,1,10000000,7,5000000,137,500000,167,100000,2918,30000,10873,10000,1,1,2,1,X,L,CC,2,,"19-23",2,,0,0,1,2,,109,"1121",9,CLLLC,61,16,20,,"24",1,15,"6 (00532: 7-15-19-27-32)",3,false,false,false,2026-05-11 13:11:22.364 +0700
T3,2026-03-24,"1","00537",5,18,19,26,30,9,0,7841342000,0,10000000,13,5000000,63,500000,163,100000,1830,30000,11634,10000,1,2,1,1,Z,L,LC,3,,"5-19",2,,1,1,0,1,,98,"1211",5,LCLCC,4,17,20,,,0,14,"156 (00381: 5-13-14-19-26)",3,false,false,false,2026-05-11 13:11:22.366 +0700
T2,2026-03-23,"2","00536",2,14,17,21,27,10,0,7468315000,0,10000000,8,5000000,106,500000,241,100000,2599,30000,17174,10000,1,2,2,0,Z,C,CL,2,"3","2-17",2,,0,1,2,0,"72",81,"1220",10,CCLLL,30,14,20,,,0,13,"191 (00345: 14-15-17-27-34)",3,false,false,false,2026-05-11 13:11:22.368 +0700
T2,2026-03-23,"1","00535",3,4,6,14,27,2,0,7302042500,0,10000000,3,5000000,57,500000,152,100000,1641,30000,10268,10000,3,1,1,0,X,C,LL,3,"3","3",1,,1,1,2,1,"42",54,"3110",71,LCCCL,15,4,20,,,0,12,"137 (00398: 3-4-6-10-27)",4,false,false,false,2026-05-11 13:11:22.370 +0700
CN,2026-03-22,"2","00534",4,13,14,19,33,9,0,7162847500,0,10000000,6,5000000,86,500000,305,100000,2098,30000,17689,10000,1,3,0,1,Z,L,CL,2,"2","13-19",2,"33",1,1,0,1,"32,42",83,"1301",34,CLCLL,82,13,20,,,0,11,"49 (00485: 3-14-19-27-33)",3,false,false,false,2026-05-11 13:11:22.371 +0700
T5,2026-03-19,"1","00527",3,7,14,21,22,8,0,6451412500,0,10000000,2,5000000,48,500000,129,100000,1448,30000,10758,10000,2,1,2,0,Y,C,LC,2,"3","3-7",2,"22",1,1,2,1,,67,"2120",5,LLCLC,13,19,20,,"15",1,4,"25 (00502: 3-14-21-23-24)",3,false,false,false,2026-05-11 13:11:22.387 +0700
T4,2026-03-18,"2","00526",9,13,14,22,29,11,0,6350572500,1,10000000,4,5000000,49,500000,161,100000,1787,30000,11772,10000,1,2,2,0,Z,L,LL,2,"3","13-29",2,"22",1,0,1,0,"92",87,"1220",11,LLCCL,21,10,20,,"15",1,3,"72 (00454: 7-9-12-13-22)",3,false,false,false,2026-05-11 13:11:22.391 +0700
T4,2026-03-18,"1","00525",1,5,11,29,34,6,0,6220160000,0,10000000,4,5000000,33,500000,116,100000,1217,30000,8752,10000,2,1,1,1,Y,C,LC,1,,"5-11-29",3,"11",0,1,1,0,"12",80,"2111",9,LLLLC,24,32,20,"34","15,34",2,2,"66 (00459: 5-11-12-29-32)",3,false,false,false,2026-05-11 13:11:22.394 +0700
T3,2026-03-17,"2","00524",12,16,18,26,29,6,0,6111740000,1,10000000,12,5000000,108,500000,367,100000,3101,30000,20160,10000,0,3,2,0,Y,C,CL,4,"0,3","29",1,,0,0,0,0,"62",101,"0320",36,CCCCL,2,21,20,"12","12,15,34",3,1,"36 (00488: 12-14-18-24-26)",3,false,false,false,2026-05-11 13:11:22.395 +0700
T3,2026-03-17,"1","00523",3,9,21,33,35,2,1,14589614500,0,10000000,14,5000000,115,500000,292,100000,4148,30000,23573,10000,2,0,1,2,X,C,LL,0,"1","3",1,"33",0,2,0,2,"32",101,"2012",3,LLLLL,16,12,20,,"15,34",2,0,"155 (00368: 3-21-22-30-33)",3,true,false,false,2026-05-11 13:11:22.397 +0700
T2,2026-03-16,"2","00522",2,8,10,22,23,8,0,13258765000,0,10000000,11,5000000,122,500000,435,100000,4284,30000,31862,10000,2,1,2,0,Y,C,CL,4,"3","2-23",2,"22",1,0,0,1,"22",65,"2120",9,CCCCL,60,17,20,,"15,34",2,27,"394 (00128: 2-10-22-23-31)",4,false,false,false,2026-05-11 13:11:22.398 +0700
T2,2026-03-16,"1","00521",4,13,21,28,32,11,0,11925318500,0,10000000,7,5000000,75,500000,245,100000,2391,30000,16937,10000,1,1,2,1,Z,L,CC,3,,"13",1,,0,0,1,1,,98,"1121",13,CLLCC,35,12,20,,"15,34",2,26,"53 (00468: 13-21-28-32-35)",4,false,false,false,2026-05-11 13:11:22.401 +0700
CN,2026-03-15,"2","00520",3,6,28,30,35,3,0,11130858500,0,10000000,9,5000000,69,500000,301,100000,2466,30000,21330,10000,2,0,1,2,X,L,LL,3,"1","3",1,,0,1,1,1,,102,"2012",194,LCCCL,5,12,20,,"34",1,25,"24 (00496: 3-6-17-20-30)",3,false,false,false,2026-05-11 13:11:22.405 +0700
CN,2026-03-15,"1","00519",2,9,31,32,35,2,0,10219431500,2,10000000,5,5000000,46,500000,154,100000,1765,30000,10911,10000,2,0,0,3,X,C,CL,2,"1,2","2-31",2,,1,0,1,1,"22",109,"2003",410,CLLCL,68,12,20,,"34",1,24,"41 (00478: 2-9-12-16-31)",3,false,false,false,2026-05-11 13:11:22.407 +0700
T7,2026-03-14,"2","00518",6,13,19,27,31,8,0,9583681500,1,10000000,15,5000000,102,500000,302,100000,2811,30000,18852,10000,1,2,1,1,Y,C,CL,1,,"13-19-31",3,,0,0,1,2,,96,"1211",11,CLLLL,27,13,20,,"34",1,23,"27 (00491: 10-13-19-27-35)",3,false,false,false,2026-05-11 13:11:22.409 +0700
T7,2026-03-14,"1","00517",4,5,6,24,26,8,0,8869183500,1,10000000,8,5000000,54,500000,199,100000,1692,30000,20245,10000,3,0,2,0,Y,C,CC,4,"1,3","5",1,,2,1,1,0,"42,62",65,"3020",19,CLCCC,7,7,20,,"34",1,22,"124 (00393: 4-6-24-25-26)",4,false,false,false,2026-05-11 13:11:22.411 +0700
T6,2026-03-13,"2","00516",1,6,14,22,30,1,0,8682777500,1,10000000,5,5000000,66,500000,139,100000,2189,30000,13439,10000,2,1,1,1,X,L,LC,4,,,0,"22",0,0,0,1,,73,"2111",15,LCCCC,52,14,20,,"34",1,21,"35 (00481: 12-14-22-23-30)",3,false,false,false,2026-05-11 13:11:22.413 +0700
T6,2026-03-13,"1","00515",5,16,18,20,25,5,0,8425762500,0,10000000,5,5000000,69,500000,205,100000,2049,30000,12957,10000,1,2,2,0,Y,L,LL,3,"3","5",1,,0,0,2,0,"52",84,"1220",18,LCCCL,4,11,20,,"34",1,20,"179 (00336: 5-7-15-16-18)",3,false,false,false,2026-05-11 13:11:22.414 +0700
T5,2026-03-12,"2","00514",5,9,20,29,30,11,0,8293162500,0,10000000,13,5000000,91,500000,276,100000,2690,30000,18745,10000,2,0,2,1,Z,L,LC,2,"1","5-29",2,,1,1,1,1,"02,92",93,"2021",136,LLCLC,43,22,20,"5","5,34",2,19,"37 (00477: 8-9-19-29-30)",3,false,false,false,2026-05-11 13:11:22.417 +0700
T5,2026-03-12,"1","00513",6,8,17,20,24,10,0,8150712500,1,10000000,9,5000000,72,500000,226,100000,2066,30000,12943,10000,2,1,2,0,Z,C,CC,4,"3","17",1,,0,0,0,0,,75,"2120",57,CCLCC,1,10,20,,"5",1,18,"268 (00245: 1-8-17-20-24)",4,false,false,false,2026-05-11 13:11:22.418 +0700
T4,2026-03-11,"2","00512",2,10,29,30,32,7,0,8068580000,1,10000000,6,5000000,78,500000,242,100000,2165,30000,20112,10000,1,1,1,2,Y,L,CC,4,,"2-29",2,,1,2,0,0,"02,22",103,"1112",59,CCLCC,15,15,20,,,0,17,"108 (00404: 2-6-10-24-29)",3,false,false,false,2026-05-11 13:11:22.420 +0700
T4,2026-03-11,"1","00511",11,16,22,26,33,9,0,7914592500,2,10000000,11,5000000,67,500000,209,100000,1920,30000,13102,10000,0,2,2,1,Z,L,LL,3,"0","11",1,"11,22,33",0,0,0,0,"62",108,"0221",30,LCCCL,75,12,20,,,0,16,"149 (00362: 11-17-19-26-33)",3,false,false,true,2026-05-11 13:11:22.421 +0700
T3,2026-03-10,"2","00510",2,3,4,6,20,2,0,7869220000,1,10000000,8,5000000,99,500000,181,100000,2506,30000,12992,10000,4,0,1,0,X,C,CC,4,"1,3","2-3",2,,2,1,0,1,,35,"4010",21,CLCCC,90,14,20,,,0,15,"14 (00496: 3-6-17-20-30)",3,false,false,false,2026-05-11 13:11:22.424 +0700
T3,2026-03-10,"1","00509",13,19,21,24,29,10,0,7695005000,1,10000000,4,5000000,68,500000,155,100000,1751,30000,12379,10000,0,2,3,0,Z,C,LL,1,"0,3","13-19-29",3,,0,2,0,1,"92",106,"0230",130,LLLCL,16,17,20,,,0,14,"100 (00409: 5-13-14-19-21)",3,false,false,false,2026-05-11 13:11:22.427 +0700
T2,2026-03-09,"2","00508",7,11,25,28,30,5,0,7601227500,0,10000000,9,5000000,108,500000,268,100000,3061,30000,20858,10000,1,1,2,1,Y,L,LC,2,,"7-11",2,"11",0,1,0,1,,101,"1121",4,LLLCC,19,13,20,,,0,13,"39 (00469: 11-17-25-30-32)",3,false,false,false,2026-05-11 13:11:22.429 +0700
T2,2026-03-09,"1","00507",1,13,17,29,35,2,0,7441837500,0,10000000,7,5000000,48,500000,96,100000,1483,30000,9552,10000,1,2,1,1,X,C,LL,0,,"13-17-29",3,,0,0,1,0,,95,"1211",17,LLLLL,35,16,20,,,0,12,"132 (00375: 13-17-22-23-29)",3,false,false,false,2026-05-11 13:11:22.432 +0700
CN,2026-03-08,"2","00506",20,22,25,29,31,12,0,7281760000,0,10000000,5,5000000,51,500000,156,100000,2116,30000,13139,10000,0,0,4,1,Z,C,CL,2,"0,1","29-31",2,"22",0,2,0,1,,127,"0041",284,CCLLL,178,11,20,,,0,11,"127 (00379: 12-14-22-25-29)",3,false,false,false,2026-05-11 13:11:22.435 +0700
CN,2026-03-08,"1","00505",11,23,24,26,27,2,0,7065275000,0,10000000,3,5000000,48,500000,94,100000,1661,30000,8562,10000,0,1,4,0,X,C,LL,2,"0,3","11-23",2,"11",2,1,1,2,,111,"0140",,LLCCL,25,22,20,"11","11",1,10,"19 (00486: 8-15-23-24-26)",3,false,false,false,2026-05-11 13:11:22.436 +0700
T7,2026-03-07,"2","00504",3,18,23,25,32,6,0,6924100000,0,10000000,12,5000000,97,500000,223,100000,2294,30000,15599,10000,1,1,2,1,Y,C,LC,2,,"3-23",2,,0,1,1,1,"32",101,"1121",1,LCLLC,2,16,20,,"11",1,9,"81 (00423: 3-18-25-29-32)",4,false,false,false,2026-05-11 13:11:22.439 +0700
T7,2026-03-07,"1","00503",8,12,22,25,33,9,0,6848387500,0,10000000,10,5000000,55,500000,189,100000,1648,30000,12065,10000,1,1,2,1,Z,L,CL,3,,,0,"22,33",0,1,0,2,"22",100,"1121",80,CCCLL,103,16,20,,,0,8,"124 (00379: 12-14-22-25-29)",3,false,false,false,2026-05-11 13:11:22.440 +0700
T6,2026-03-06,"2","00502",3,14,21,23,24,10,0,6798882500,0,10000000,4,5000000,71,500000,192,100000,2133,30000,13648,10000,1,1,3,0,Z,C,LC,2,"3","3-23",2,,1,0,1,0,"32,42",85,"1130",16,LCLLC,19,8,20,,,0,7,"272 (00230: 3-14-20-21-23)",4,false,false,false,2026-05-11 13:11:22.442 +0700
T6,2026-03-06,"1","00501",7,9,17,21,30,3,0,6641245000,1,10000000,8,5000000,54,500000,179,100000,1654,30000,11079,10000,2,1,1,1,X,L,LC,1,,"7-17",2,,0,0,1,0,"72",84,"2111",5,LLLLC,90,18,20,,,0,6,"226 (00275: 7-9-21-27-30)",4,false,false,false,2026-05-11 13:11:22.444 +0700
T5,2026-03-05,"2","00500",4,12,15,17,32,7,0,6574807500,0,10000000,7,5000000,65,500000,245,100000,1992,30000,15846,10000,1,3,0,1,Y,L,CC,3,"2","17",1,,0,1,2,2,"22",80,"1301",29,CCLLC,34,8,20,,,0,5,"56 (00444: 4-5-15-18-32)",3,false,false,false,2026-05-11 13:11:22.447 +0700
T5,2026-03-05,"1","00499",14,15,16,17,30,2,0,6464725000,0,10000000,3,5000000,43,500000,105,100000,1284,30000,7695,10000,0,4,0,1,X,C,CC,3,"0,2","17",1,,3,0,0,1,,92,"0401",87,CLCLC,43,5,20,,,0,4,"15 (00484: 5-14-15-16-29)",3,false,false,false,2026-05-11 13:11:22.449 +0700
T4,2026-03-04,"2","00498",1,2,9,24,29,4,0,6347620000,0,10000000,4,5000000,67,500000,163,100000,2053,30000,12693,10000,3,0,2,0,X,C,LL,2,"1,3","2-29",2,,1,1,0,0,"92",65,"3020",311,LCLCL,14,20,20,,,0,3,"94 (00404: 2-6-10-24-29)",3,false,false,false,2026-05-11 13:11:22.452 +0700
T4,2026-03-04,"1","00497",4,10,17,22,26,9,0,6212217500,0,10000000,5,5000000,49,500000,172,100000,1401,30000,10854,10000,1,2,2,0,Z,L,CC,4,"3","17",1,"22",0,0,1,1,,79,"1220",10,CCLCC,70,31,20,"4","4",1,2,"68 (00429: 4-11-17-26-31)",3,false,false,true,2026-05-11 13:11:22.454 +0700
T3,2026-03-03,"2","00496",3,6,17,20,30,10,0,6146802500,0,10000000,2,5000000,67,500000,143,100000,2106,30000,10856,10000,2,1,1,1,Z,C,LC,3,,"3-17",2,,0,1,0,1,"02",76,"2111",2,LCLCC,41,32,20,"6","4,6",2,1,"358 (00138: 6-15-17-20-30)",4,false,false,true,2026-05-11 13:11:22.457 +0700
T3,2026-03-03,"1","00495",15,16,28,31,32,10,1,6460582500,0,10000000,5,5000000,37,500000,130,100000,1433,30000,9569,10000,0,2,1,2,Z,C,LC,3,"0","31",1,,2,0,0,1,,122,"0212",22,LCCLC,90,21,20,"28","4,6,28",3,0,"385 (00110: 16-20-23-28-31)",3,true,false,false,2026-05-11 13:11:22.460 +0700
T2,2026-03-02,"2","00494",1,8,14,23,35,5,0,6363972500,0,10000000,6,5000000,73,500000,167,100000,1910,30000,15523,10000,2,1,1,1,Y,L,LL,2,,"23",1,,0,1,2,2,,81,"2111",17,LCCLL,29,8,20,,"4,6",2,26,"477 (00017: 1-8-14-19-23)",4,false,false,false,2026-05-11 13:11:22.463 +0700
T2,2026-03-02,"1","00493",1,7,15,34,35,12,0,6196232500,0,10000000,3,5000000,30,500000,120,100000,1458,30000,10065,10000,2,1,0,2,Z,C,LL,1,"2","7",1,,1,1,1,1,"52",92,"2102",129,LLLCL,55,32,20,"34","4,6,34",3,25,"52 (00441: 7-14-15-27-35)",3,false,false,false,2026-05-11 13:11:22.466 +0700
CN,2026-03-01,"2","00492",5,12,19,33,35,11,-1,24387363000,5,1655586600,102,44845000,1180,3940000,2109,2025000,25653,185000,174333,10000,1,2,0,2,Z,L,LL,1,"2","5-19",2,"33",0,1,2,0,"52",104,"1202",180,LCLLL,7,7,20,,"4,6,34",3,24,"93 (00399: 3-4-5-19-35)",3,false,true,false,2026-05-11 13:11:22.468 +0700
CN,2026-03-01,"1","00491",10,13,19,27,35,12,0,15757351000,0,10000000,10,5000000,139,500000,274,100000,4338,30000,22191,10000,0,3,1,1,Z,C,CL,1,"0","13-19",2,,0,0,2,0,,104,"0311",8,CLLLL,4,12,20,,"4,6,34",3,23,"4 (00487: 2-13-19-25-27)",3,false,false,false,2026-05-11 13:11:22.471 +0700
T7,2026-02-28,"2","00490",3,15,16,27,35,2,0,14305324500,1,10000000,6,5000000,145,500000,400,100000,4830,30000,32307,10000,1,2,1,1,X,C,LL,1,,"3",1,,1,0,1,0,"52",96,"1211",5,LLCLL,23,10,20,,"4,6,34",3,22,"49 (00441: 7-14-15-27-35)",3,false,false,false,2026-05-11 13:11:22.473 +0700
T7,2026-02-28,"1","00489",1,3,5,8,24,12,0,12629104500,0,10000000,14,5000000,75,500000,248,100000,2267,30000,16106,10000,4,0,1,0,Z,C,LC,2,"1,3","3-5",2,,0,0,1,0,,41,"4010",123,LLLCC,20,15,20,,"4,6,34",3,21,"463 (00026: 1-5-8-20-24)",4,false,false,false,2026-05-11 13:11:22.476 +0700
T6,2026-02-27,"2","00488",12,14,18,24,26,5,0,11832075500,1,10000000,22,5000000,115,500000,362,100000,3673,30000,23415,10000,0,3,2,0,Y,L,CC,5,"0,3",,0,,0,4,0,2,"42",94,"0320",54,CCCCC,6,7,20,,"4,6,34",3,20,"6 (00482: 8-14-18-20-26)",3,false,false,false,2026-05-11 13:11:22.478 +0700
T6,2026-02-27,"1","00487",2,13,19,25,27,1,0,10948323500,0,10000000,4,5000000,93,500000,138,100000,2568,30000,11297,10000,1,2,2,0,X,L,CL,1,"3","2-13-19",3,,0,1,0,2,,86,"1220",5,CLLLL,29,15,20,,"4,6,34",3,19,"81 (00406: 1-2-13-27-31)",3,false,false,true,2026-05-11 13:11:22.481 +0700
T5,2026-02-26,"2","00486",8,15,23,24,26,11,0,10225251000,2,10000000,17,5000000,144,500000,314,100000,3614,30000,20590,10000,1,1,3,0,Z,L,CC,3,"3","23",1,,1,1,0,1,,96,"1130",21,CLLCC,42,34,20,"24","6,24,34",3,18,"116 (00370: 7-15-23-24-33)",3,false,false,true,2026-05-11 13:11:22.483 +0700
T5,2026-02-26,"1","00485",3,14,19,27,33,10,0,9228794000,0,10000000,8,5000000,86,500000,203,100000,2397,30000,15787,10000,1,2,1,1,Z,C,LL,1,,"3-19",2,"33",0,1,1,0,"32",96,"1211",5,LCLLL,37,22,20,"3","3,6,24,34",4,17,"37 (00448: 3-14-17-19-35)",3,false,false,false,2026-05-11 13:11:22.485 +0700
T4,2026-02-25,"2","00484",5,14,15,16,29,10,0,8504587000,0,10000000,6,5000000,84,500000,220,100000,2563,30000,16746,10000,1,3,1,0,Z,C,LL,2,"3","5-29",2,,2,1,1,0,"52",79,"1310",5,LCLCL,5,26,20,"15","3,15,24,34",4,16,"148 (00336: 5-7-15-16-18)",3,false,false,false,2026-05-11 13:11:22.487 +0700
T6,2026-02-20,"1","00473",10,12,27,30,31,12,0,6727910000,0,10000000,3,5000000,43,500000,133,100000,1895,30000,10393,10000,0,2,1,2,Z,C,CL,3,"0","31",1,,1,0,0,2,"02",110,"0212",4,CCLCL,16,14,20,,"24",1,5,"157 (00316: 9-10-27-30-31)",4,false,false,false,2026-05-11 13:11:22.510 +0700
T5,2026-02-19,"2","00472",9,21,23,25,29,3,0,6569592500,0,10000000,6,5000000,78,500000,203,100000,2117,30000,14887,10000,1,0,4,0,X,L,LL,0,"1,3","23-29",2,,0,1,0,0,"92",107,"1040",78,LLLLL,2,4,20,,,0,4,"2 (00470: 9-23-27-29-33)",3,false,false,false,2026-05-11 13:11:22.512 +0700
T5,2026-02-19,"1","00471",1,13,14,19,30,1,0,6438642500,0,10000000,3,5000000,32,500000,95,100000,1413,30000,7278,10000,1,3,0,1,X,L,LC,2,"2","13-19",2,,1,0,0,1,,77,"1301",23,LLCLC,12,9,20,,,0,3,"34 (00437: 13-14-15-19-22)",3,false,false,true,2026-05-11 13:11:22.513 +0700
T4,2026-02-18,"2","00470",9,23,27,29,33,1,0,6248570000,1,10000000,1,5000000,96,500000,159,100000,2384,30000,10718,10000,1,0,3,1,X,L,LL,0,"1","23-29",2,"33",0,1,0,1,"32,92",121,"1031",15,LLLLL,39,18,20,,,0,2,"39 (00431: 11-19-27-29-33)",3,false,false,false,2026-05-11 13:11:22.514 +0700
T4,2026-02-18,"1","00469",11,17,25,30,32,6,0,6085047500,1,10000000,6,5000000,46,500000,159,100000,1714,30000,11695,10000,0,2,1,2,Y,C,LC,2,"0","11-17",2,"11",0,0,1,0,,115,"0212",27,LLLCC,6,11,20,,,0,1,"97 (00372: 3-5-11-25-30)",3,false,false,false,2026-05-11 13:11:22.517 +0700
T3,2026-02-17,"2","00468",13,21,28,32,35,11,1,7010542500,1,10000000,4,5000000,117,500000,241,100000,2704,30000,19037,10000,0,1,2,2,Z,L,LL,2,"0","13",1,,0,1,1,1,,129,"0122",7,LLCCL,22,17,20,,,0,0,"79 (00389: 1-25-28-32-35)",3,true,false,false,2026-05-11 13:11:22.520 +0700
T3,2026-02-17,"1","00467",19,21,22,23,31,4,0,6803692500,0,10000000,5,5000000,76,500000,185,100000,1951,30000,12801,10000,0,1,3,1,X,C,LL,1,"0","19-23-31",3,"22",2,0,2,2,"12",116,"0131",96,LLCLL,48,14,20,,,0,31,"106 (00361: 1-2-19-21-31)",3,false,false,false,2026-05-11 13:11:22.522 +0700
T2,2026-02-16,"2","00466",4,8,19,21,30,7,0,6611195000,0,10000000,4,5000000,118,500000,273,100000,3652,30000,21359,10000,2,1,1,1,Y,L,CC,3,,"19",1,,0,1,0,3,,82,"2111",60,CCLLC,74,24,20,"21","21",1,30,"339 (00127: 1-8-19-21-30)",4,false,false,false,2026-05-11 13:11:22.524 +0700
T2,2026-02-16,"1","00465",7,18,22,27,29,4,0,6367192500,3,10000000,6,5000000,65,500000,227,100000,2360,30000,14002,10000,1,1,3,0,X,C,LL,2,"3","7-29",2,"22",0,1,1,1,"72",103,"1130",171,LCCLL,31,24,20,"27","21,27",2,29,"80 (00385: 22-27-29-33-34)",3,false,false,false,2026-05-11 13:11:22.525 +0700
CN,2026-02-15,"2","00464",1,6,8,10,22,7,0,6247582500,1,10000000,2,5000000,90,500000,221,100000,2331,30000,15870,10000,3,1,1,0,Y,L,LC,4,"3",,0,"22",0,0,2,1,,47,"3110",1,LCCCC,3,3,20,,"21,27",2,28,"34 (00430: 1-8-9-19-22)",3,false,false,false,2026-05-11 13:11:22.527 +0700
CN,2026-02-15,"1","00463",1,3,5,10,26,9,0,6066177500,1,10000000,8,5000000,73,500000,233,100000,2169,30000,17087,10000,3,1,1,0,Z,L,LC,2,"3","3-5",2,,0,2,0,2,,45,"3110",1,LLLCC,18,17,20,,"21,27",2,27,"60 (00403: 1-3-10-26-34)",4,false,false,false,2026-05-11 13:11:22.528 +0700
T7,2026-02-14,"2","00462",4,6,8,14,25,7,-1,23664402500,5,1602579500,91,48340000,896,4900000,3115,1365000,26722,175000,212788,10000,3,1,1,0,Y,L,CL,4,"3",,0,,0,0,0,1,"42",57,"3110",16,CCCCL,58,36,20,"25","25,27",2,26,"69 (00393: 4-6-24-25-26)",3,false,true,true,2026-05-11 13:11:22.530 +0700
T7,2026-02-14,"1","00461",13,20,22,32,34,12,0,15922947500,1,10000000,10,5000000,122,500000,375,100000,4348,30000,33550,10000,0,1,2,2,Z,C,LC,4,"0","13",1,"22",0,1,2,0,"22",121,"0122",9,LCCCC,130,7,20,,"25",1,25,"140 (00321: 5-7-13-22-34)",3,false,false,false,2026-05-11 13:11:22.531 +0700
T6,2026-02-13,"2","00460",10,14,16,20,32,11,0,14426752500,1,10000000,15,5000000,213,500000,528,100000,5867,30000,40079,10000,0,3,1,1,Z,L,CC,5,"0",,0,,0,1,1,0,"02",92,"0311",98,CCCCC,82,12,20,,"25",1,24,"17 (00443: 7-10-13-16-20)",3,false,false,false,2026-05-11 13:11:22.534 +0700
T6,2026-02-13,"1","00459",5,11,12,29,32,4,0,12540329000,2,10000000,4,5000000,99,500000,257,100000,2946,30000,17847,10000,1,2,1,1,X,C,LC,2,,"5-11-29",3,"11",1,0,2,1,"22",89,"1211",9,LLCLC,5,15,20,,"25",1,23,"19 (00440: 5-10-11-28-29)",3,false,false,false,2026-05-11 13:11:22.537 +0700
T5,2026-02-12,"2","00458",2,11,15,17,29,5,0,11661751500,1,10000000,7,5000000,74,500000,390,100000,2983,30000,26579,10000,1,3,1,0,Y,L,CL,1,"3","2-11-17-29",4,"11",0,0,2,1,,74,"1310",15,CLLLL,111,13,20,,"25",1,22,"172 (00286: 8-11-17-21-29)",3,false,false,false,2026-05-11 13:11:22.539 +0700
T5,2026-02-12,"1","00457",6,10,11,26,29,3,0,10660209000,3,10000000,5,5000000,122,500000,215,100000,2560,30000,15647,10000,1,2,2,0,X,L,CL,3,"3","11-29",2,"11",1,0,0,2,"62",82,"1220",17,CCLCL,63,19,20,,"25",1,21,"17 (00440: 5-10-11-28-29)",3,false,false,false,2026-05-11 13:11:22.542 +0700
T4,2026-02-11,"2","00456",4,9,16,23,28,2,0,10001043500,0,10000000,7,5000000,109,500000,266,100000,3051,30000,18644,10000,2,1,2,0,X,C,CC,3,"3","23",1,,0,0,2,0,,80,"2120",38,CLCLC,48,6,20,,"25",1,20,"7 (00449: 8-9-11-16-23)",3,false,false,false,2026-05-11 13:11:22.544 +0700
T4,2026-02-11,"1","00455",9,20,23,26,34,10,0,9074893500,0,10000000,6,5000000,99,500000,194,100000,2316,30000,12851,10000,1,0,3,1,Z,C,LC,3,"1","23",1,,0,0,1,1,,112,"1031",19,LCLCC,5,19,20,,"25",1,19,"168 (00287: 9-20-24-26-34)",4,false,false,false,2026-05-11 13:11:22.546 +0700
T3,2026-02-10,"2","00454",7,9,12,13,22,6,0,8499320000,0,10000000,5,5000000,102,500000,319,100000,2984,30000,22132,10000,2,2,1,0,Y,C,LC,2,"3","7-13",2,"22",1,0,0,0,"22",63,"2210",5,LLCLC,73,20,20,,"25",1,18,"38 (00416: 7-10-12-22-23)",3,false,false,false,2026-05-11 13:11:22.547 +0700
T3,2026-02-10,"1","00453",3,18,29,30,31,9,0,8334885000,0,10000000,6,5000000,52,500000,181,100000,1690,30000,14210,10000,1,1,1,2,Z,L,LL,2,,"3-29-31",3,,2,1,2,0,,111,"1112",27,LCLCL,13,7,20,,"25",1,17,"30 (00423: 3-18-25-29-32)",3,false,false,false,2026-05-11 13:11:22.548 +0700
T2,2026-02-09,"2","00452",18,23,24,31,33,1,0,8195632500,0,10000000,4,5000000,96,500000,212,100000,3019,30000,15207,10000,0,1,2,2,X,L,CL,2,"0","23-31",2,"33",1,0,1,1,"32",129,"0122",13,CLCLL,37,13,20,,"25",1,16,"13 (00439: 19-23-24-32-33)",3,false,false,false,2026-05-11 13:11:22.550 +0700
T2,2026-02-09,"1","00451",4,9,17,18,35,7,0,7916217500,0,10000000,10,5000000,70,500000,247,100000,1713,30000,19680,10000,2,2,0,1,Y,L,CL,2,"2","17",1,,1,0,1,2,,83,"2201",7,CLLCL,2,6,20,,"25",1,15,"127 (00324: 4-8-11-18-35)",3,false,false,true,2026-05-11 13:11:22.551 +0700
CN,2026-02-08,"2","00450",7,16,17,28,30,10,0,7874495000,2,10000000,12,5000000,89,500000,218,100000,2558,30000,16176,10000,1,2,1,1,Z,C,LC,3,,"7-17",2,,1,1,1,1,"72",98,"1211",9,LCLCC,7,8,20,,"25",1,14,"101 (00349: 1-7-9-16-30)",3,false,false,false,2026-05-11 13:11:22.552 +0700
CN,2026-02-08,"1","00449",8,9,11,16,23,9,0,7758635000,1,10000000,5,5000000,65,500000,181,100000,2043,30000,12823,10000,2,2,1,0,Z,L,CL,2,"3","11-23",2,"11",1,1,0,0,,67,"2210",4,CLLCL,2,19,20,,"25",1,13,"111 (00338: 8-9-11-25-26)",3,false,false,true,2026-05-11 13:11:22.553 +0700
T7,2026-02-07,"2","00448",3,14,17,19,35,3,0,7683222500,0,10000000,5,5000000,65,500000,184,100000,2179,30000,13674,10000,1,3,0,1,X,L,LL,1,"2","3-17-19",3,,0,0,1,1,,88,"1301",26,LCLLL,7,9,20,,"25",1,12,"41 (00407: 3-13-14-20-35)",3,false,false,false,2026-05-11 13:11:22.555 +0700
T7,2026-02-07,"1","00447",2,3,9,10,31,12,0,7469520000,0,10000000,1,5000000,45,500000,134,100000,1768,30000,9872,10000,3,1,0,1,Z,C,CL,2,"2","2-3-31",3,,2,2,1,1,,55,"3101",48,CLLCL,18,20,20,,"25",1,11,"71 (00376: 3-9-10-14-25)",3,false,false,false,2026-05-11 13:11:22.556 +0700
T6,2026-02-06,"2","00446",1,3,4,14,29,4,0,7312402500,0,10000000,2,5000000,58,500000,181,100000,1931,30000,14869,10000,3,1,1,0,X,C,LL,2,"3","3-29",2,,1,2,1,2,"42",51,"3110",16,LLCCL,7,8,20,,,0,10,"60 (00386: 1-7-14-28-29)",3,false,false,false,2026-05-11 13:11:22.557 +0700
T6,2026-02-06,"1","00445",3,5,15,18,28,3,0,7077840000,0,10000000,13,5000000,53,500000,132,100000,1609,30000,10391,10000,2,2,1,0,X,L,LC,2,"3","3-5",2,,0,1,3,1,"52,82",69,"2210",37,LLLCC,10,7,20,,,0,9,"1 (00444: 4-5-15-18-32)",3,false,false,false,2026-05-11 13:11:22.558 +0700
T5,2026-02-05,"2","00444",4,5,15,18,32,11,0,6979625000,0,10000000,12,5000000,77,500000,258,100000,2343,30000,16201,10000,2,2,0,1,Z,L,CC,3,"2","5",1,,1,1,0,0,"52",74,"2201",34,CLLCC,101,15,20,,,0,8,"23 (00421: 15-18-27-32-35)",3,false,false,true,2026-05-11 13:11:22.559 +0700
T5,2026-02-05,"1","00443",7,10,13,16,20,9,0,6855447500,0,10000000,6,5000000,41,500000,158,100000,1681,30000,12606,10000,1,3,1,0,Z,L,LC,3,"3","7-13",2,,0,2,0,0,"02",66,"1310",34,LCLCC,1,9,20,,,0,7,"237 (00206: 3-7-10-13-14)",3,false,false,false,2026-05-11 13:11:22.560 +0700
T4,2026-02-04,"2","00442",17,18,21,30,34,4,0,6760467500,1,10000000,6,5000000,120,500000,257,100000,2791,30000,15234,10000,0,2,1,2,X,C,LC,3,"0","17",1,,1,1,0,0,,120,"0212",21,LCLCC,17,19,20,,,0,6,"244 (00198: 17-18-20-21-34)",4,false,false,false,2026-05-11 13:11:22.562 +0700
T4,2026-02-04,"1","00441",7,14,15,27,35,3,0,6633010000,0,10000000,7,5000000,77,500000,143,100000,1834,30000,9885,10000,1,2,1,1,X,L,LL,1,,"7",1,,1,1,0,0,"52,72",98,"1211",6,LCLLL,35,7,20,,,0,5,"8 (00433: 7-14-15-26-27)",4,false,false,false,2026-05-11 13:11:22.563 +0700
T3,2026-02-03,"2","00440",5,10,11,28,29,5,0,6530512500,0,10000000,3,5000000,77,500000,207,100000,2273,30000,13891,10000,1,2,2,0,Y,L,LL,2,"3","5-11-29",3,"11",2,0,0,0,,83,"1220",7,LCLCL,7,15,20,,,0,4,"22 (00418: 5-7-10-28-29)",4,false,false,false,2026-05-11 13:11:22.564 +0700
T3,2026-02-03,"1","00439",19,23,24,32,33,10,0,6364770000,1,10000000,1,5000000,60,500000,187,100000,1712,30000,11052,10000,0,1,2,2,Z,C,LL,2,"0","19-23",2,"33",2,0,0,0,"32",131,"0122",81,LLCCL,21,8,20,,,0,3,"69 (00370: 7-15-23-24-33)",3,false,false,false,2026-05-11 13:11:22.565 +0700
T2,2026-02-02,"2","00438",1,3,5,6,11,5,0,6269520000,2,10000000,5,5000000,84,500000,186,100000,2303,30000,17469,10000,4,1,0,0,Y,L,LL,1,"2,3","3-5-11",3,"11",1,0,0,0,"12",26,"4100",,LLLCL,14,15,20,,,0,2,"66 (00372: 3-5-11-25-30)",3,false,false,false,2026-05-11 13:11:22.567 +0700
T2,2026-02-02,"1","00437",13,14,15,19,22,3,0,6110432500,1,10000000,4,5000000,53,500000,116,100000,1442,30000,8447,10000,0,4,1,0,X,L,LC,2,"0,3","13-19",2,"22",2,1,0,0,,83,"0410",40,LCLLC,5,18,20,,,0,1,"408 (00029: 13-15-19-22-27)",4,false,false,false,2026-05-11 13:11:22.568 +0700
CN,2026-02-01,"2","00436",1,20,24,26,35,3,1,6536712500,0,10000000,17,5000000,56,500000,184,100000,1727,30000,13149,10000,1,0,3,1,X,L,LL,3,"1",,0,,0,0,0,2,,106,"1031",9,LCCCL,20,12,20,,,0,0,"73 (00363: 1-2-20-24-33)",3,true,false,true,2026-05-11 13:11:22.569 +0700
CN,2026-02-01,"1","00435",7,15,19,22,34,9,0,6455132500,0,10000000,6,5000000,49,500000,109,100000,1352,30000,9363,10000,1,2,1,1,Z,L,LC,2,,"7-19",2,"22",0,1,0,0,,97,"1211",6,LLLCC,62,9,20,,,0,35,"91 (00344: 7-10-17-19-22)",3,false,false,false,2026-05-11 13:11:22.570 +0700
T7,2026-01-31,"2","00434",11,12,16,27,29,6,0,6382230000,0,10000000,11,5000000,62,500000,187,100000,1831,30000,13617,10000,0,3,2,0,Y,C,LL,2,"0,3","11-29",2,"11",1,0,1,2,,95,"0320",133,LCCLL,92,18,20,,,0,34,"3 (00431: 11-19-27-29-33)",3,false,false,false,2026-05-11 13:11:22.572 +0700
T7,2026-01-24,"2","00420",2,25,26,28,34,6,0,8091877500,0,10000000,5,5000000,68,500000,265,100000,2108,30000,16666,10000,1,0,3,1,Y,C,CC,4,"1","2",1,,1,1,0,1,,115,"1031",24,CLCCC,23,17,20,,"11",1,20,"42 (00378: 2-6-24-28-34)",3,false,false,false,2026-05-11 13:11:22.597 +0700
T7,2026-01-24,"1","00419",13,15,22,27,31,10,0,7991125000,0,10000000,12,5000000,49,500000,135,100000,1419,30000,8841,10000,0,2,2,1,Z,C,LL,1,"0","13-31",2,"22",0,1,0,0,,108,"0221",14,LLCLL,10,7,20,,"11",1,19,"390 (00029: 13-15-19-22-27)",4,false,false,false,2026-05-11 13:11:22.599 +0700
T6,2026-01-23,"2","00418",5,7,10,28,29,2,0,7931132500,0,10000000,4,5000000,67,500000,148,100000,2137,30000,11439,10000,2,1,2,0,X,C,LL,2,"3","5-7-29",3,,1,0,1,0,,79,"2120",14,LLCCL,11,22,20,"28","11,28",2,18,"30 (00388: 6-7-10-28-35)",3,false,false,false,2026-05-11 13:11:22.603 +0700
T6,2026-01-23,"1","00417",10,13,25,31,32,1,0,7765082500,1,10000000,2,5000000,43,500000,95,100000,1406,30000,7166,10000,0,2,1,2,X,L,CC,2,"0","13-31",2,,1,0,1,1,,111,"0212",52,CLLLC,30,16,20,,"11,28",2,17,"63 (00354: 13-31-32-33-35)",3,false,false,false,2026-05-11 13:11:22.604 +0700
T5,2026-01-22,"2","00416",7,10,12,22,23,3,0,7628490000,0,10000000,3,5000000,96,500000,202,100000,2393,30000,13515,10000,1,2,2,0,X,L,LL,3,"3","7-23",2,"22",1,1,0,0,"22",74,"1220",5,LCCCL,6,32,20,"12","11,12",2,16,"39 (00377: 7-11-12-22-30)",3,false,false,true,2026-05-11 13:11:22.605 +0700
T5,2026-01-22,"1","00415",8,17,20,27,31,12,0,7492597500,1,10000000,4,5000000,49,500000,93,100000,1542,30000,8149,10000,1,1,2,1,Z,C,CL,2,,"17-31",2,,0,0,1,1,"72",103,"1121",2,CLCLL,3,13,20,,"11,12",2,15,"57 (00358: 19-20-27-31-34)",3,false,false,false,2026-05-11 13:11:22.607 +0700
T4,2026-01-21,"2","00414",1,4,7,8,33,9,0,7383850000,1,10000000,12,5000000,57,500000,171,100000,1671,30000,14283,10000,4,0,0,1,Z,L,LL,2,"1,2","7",1,"33",1,1,1,0,,53,"4001",,LCLCL,23,15,20,,"11,12",2,14,"50 (00364: 4-8-14-33-35)",3,false,false,false,2026-05-11 13:11:22.608 +0700
T4,2026-01-21,"1","00413",8,16,24,29,30,5,0,7285662500,0,10000000,10,5000000,53,500000,132,100000,1518,30000,10617,10000,1,1,2,1,Y,L,CC,4,,"29",1,,1,0,0,1,,107,"1121",43,CCCLC,20,26,20,"30","11,12,30",3,13,"254 (00159: 8-14-16-19-29)",3,false,false,false,2026-05-11 13:11:22.609 +0700
T3,2026-01-20,"2","00412",14,15,18,19,33,4,0,7224857500,0,10000000,3,5000000,59,500000,136,100000,1839,30000,13149,10000,0,4,0,1,X,C,CL,2,"0,2","19",1,"33",2,2,2,0,,99,"0401",249,CLCLL,66,16,20,,"11,12,30",3,12,"149 (00263: 2-14-15-20-33)",3,false,false,false,2026-05-11 13:11:22.610 +0700
T3,2026-01-20,"1","00411",1,15,19,21,26,2,0,7066667500,0,10000000,6,5000000,37,500000,102,100000,1300,30000,8088,10000,1,2,2,0,X,C,LC,1,"3","19",1,,0,0,0,1,"12",82,"1220",16,LLLLC,39,8,20,,"11,12,30",3,11,"50 (00361: 1-2-19-21-31)",3,false,false,false,2026-05-11 13:11:22.611 +0700
T2,2026-01-19,"2","00410",7,8,10,14,35,9,0,6963352500,1,10000000,8,5000000,54,500000,211,100000,2287,30000,17836,10000,2,2,0,1,Z,L,LL,3,"2","7",1,,1,0,1,1,,74,"2201",26,LCCCL,12,22,20,"7","7,12,30",3,10,"22 (00388: 6-7-10-28-35)",3,false,false,false,2026-05-11 13:11:22.612 +0700
T2,2026-01-19,"1","00409",5,13,14,19,21,10,0,6818302500,1,10000000,5,5000000,63,500000,128,100000,1538,30000,9654,10000,1,3,1,0,Z,C,LL,1,"3","5-13-19",3,,1,3,1,0,,72,"1310",28,LLCLL,26,13,20,,"7,12,30",3,9,"28 (00381: 5-13-14-19-26)",4,false,false,true,2026-05-11 13:11:22.614 +0700
CN,2026-01-18,"2","00408",2,9,14,15,22,12,0,6726377500,0,10000000,3,5000000,52,500000,138,100000,1691,30000,9662,10000,2,2,1,0,Z,C,CC,3,"3","2",1,"22",1,1,1,2,"22",62,"2210",6,CLCLC,34,13,20,,"12,30",2,8,"219 (00189: 2-9-14-15-35)",4,false,false,false,2026-05-11 13:11:22.615 +0700
CN,2026-01-18,"1","00407",3,13,14,20,35,12,0,6573990000,0,10000000,7,5000000,29,500000,96,100000,984,30000,8301,10000,1,2,1,1,Z,C,LL,2,,"3-13",2,,1,0,1,2,"32",85,"1211",17,LLCCL,18,17,20,,"12",1,7,"240 (00167: 3-14-20-23-35)",4,false,false,false,2026-05-11 13:11:22.617 +0700
T7,2026-01-17,"2","00406",1,2,13,27,31,10,0,6496720000,1,10000000,3,5000000,30,500000,102,100000,1319,30000,12397,10000,2,1,1,1,Z,C,LL,1,,"2-13-31",3,,1,1,1,0,"12",74,"2111",3,LCLLL,4,15,20,,"12",1,6,"45 (00361: 1-2-19-21-31)",3,false,false,false,2026-05-11 13:11:22.618 +0700
T7,2026-01-17,"1","00405",13,18,24,29,32,1,0,6378245000,0,10000000,5,5000000,42,500000,72,100000,1155,30000,5922,10000,0,2,2,1,X,L,LC,3,"0","13-29",2,,0,0,2,0,,116,"0221",14,LCCLC,25,15,20,,"12",1,5,"297 (00108: 9-13-18-24-29)",4,false,false,false,2026-05-11 13:11:22.619 +0700
T6,2026-01-16,"2","00404",2,6,10,24,29,5,0,6288257500,0,10000000,6,5000000,55,500000,169,100000,1640,30000,14001,10000,2,1,2,0,Y,L,CL,4,"3","2-29",2,,0,1,1,1,,71,"2120",12,CCCCL,20,4,20,,,0,4,"4 (00400: 2-6-8-19-29)",3,false,false,false,2026-05-11 13:11:22.620 +0700
T6,2026-01-16,"1","00403",1,3,10,26,34,3,0,6208430000,0,10000000,3,5000000,41,500000,109,100000,1223,30000,8535,10000,2,1,1,1,X,L,LC,3,,"3",1,,0,0,1,0,,74,"2111",15,LLCCC,13,18,20,,,0,3,"338 (00065: 3-10-24-26-34)",4,false,false,false,2026-05-11 13:11:22.621 +0700
T5,2026-01-15,"2","00402",3,6,15,17,23,2,0,6125722500,1,10000000,8,5000000,43,500000,146,100000,1502,30000,9773,10000,2,2,1,0,X,C,LL,1,"3","3-17-23",3,,0,1,2,0,"32",64,"2210",26,LCLLL,3,10,20,,,0,2,"217 (00185: 6-15-17-23-25)",4,false,false,true,2026-05-11 13:11:22.623 +0700
T5,2026-01-15,"1","00401",6,9,23,24,25,7,0,6030912500,3,10000000,1,5000000,38,500000,126,100000,1092,30000,8821,10000,2,0,3,0,Y,L,CL,2,"1,3","23",1,,2,0,1,1,,87,"2030",8,CLLCL,5,14,20,,,0,1,"8 (00393: 4-6-24-25-26)",3,false,false,false,2026-05-11 13:11:22.624 +0700
T4,2026-01-14,"2","00400",2,6,8,19,29,9,1,6678602500,0,10000000,10,5000000,60,500000,185,100000,1805,30000,12529,10000,3,1,1,0,Z,L,CL,3,"3","2-19-29",3,,0,1,1,1,"92",64,"3110",2,CCCLL,21,8,20,,,0,0,"191 (00209: 2-18-19-29-32)",3,true,false,false,2026-05-11 13:11:22.625 +0700
T4,2026-01-14,"1","00399",3,4,5,19,35,8,0,6597107500,0,10000000,2,5000000,45,500000,119,100000,1035,30000,11895,10000,3,1,0,1,Y,C,LL,1,"2","3-5-19",3,,2,2,2,2,"52",66,"3101",42,LCLLL,38,10,20,,,0,7,"52 (00347: 4-5-13-29-35)",3,false,false,false,2026-05-11 13:11:22.626 +0700
T3,2026-01-13,"2","00398",3,4,6,10,27,4,0,6536245000,0,10000000,3,5000000,37,500000,151,100000,1595,30000,11067,10000,3,1,1,0,X,C,LL,3,"3","3",1,,1,0,1,1,,50,"3110",64,LCCCL,16,22,20,"3","3",1,6,"242 (00156: 6-10-11-12-27)",3,false,false,false,2026-05-11 13:11:22.628 +0700
T3,2026-01-13,"1","00397",10,15,16,18,26,9,0,6392632500,0,10000000,4,5000000,45,500000,127,100000,1398,30000,9383,10000,0,4,1,0,Z,L,CC,4,"0,3",,0,,1,0,0,1,"62",85,"0410",218,CLCCC,101,61,20,"15,18","3,15,18",3,5,"61 (00336: 5-7-15-16-18)",3,false,false,false,2026-05-11 13:11:22.629 +0700
T2,2026-01-12,"2","00396",4,21,25,28,33,11,0,6334585000,0,10000000,6,5000000,71,500000,202,100000,1809,30000,15967,10000,1,0,3,1,Z,L,CL,2,"1",,0,"33",0,2,1,0,,111,"1031",13,CLLCL,30,11,20,,"15,18",2,4,"25 (00371: 11-21-25-28-33)",4,false,false,false,2026-05-11 13:11:22.630 +0700
T2,2026-01-12,"1","00395",4,14,19,22,26,7,0,6216830000,0,10000000,3,5000000,36,500000,116,100000,1166,30000,9310,10000,1,2,2,0,Y,L,CC,4,"3","19",1,"22",0,1,2,0,"42",85,"1220",26,CCLCC,28,14,20,,"15,18",2,3,"118 (00277: 14-19-22-26-28)",4,false,false,false,2026-05-11 13:11:22.632 +0700
CN,2026-01-11,"2","00394",2,22,23,26,29,9,0,6115975000,1,10000000,6,5000000,50,500000,160,100000,1420,30000,13198,10000,1,0,4,0,Z,L,CL,3,"1,3","2-23-29",3,"22",1,1,1,1,"22",102,"1040",114,CCLCL,70,9,20,,"15,18",2,2,"19 (00375: 13-17-22-23-29)",3,false,false,false,2026-05-11 13:11:22.634 +0700
CN,2026-01-11,"1","00393",4,6,24,25,26,7,0,6042320000,0,10000000,7,5000000,32,500000,133,100000,1165,30000,12731,10000,2,0,3,0,Y,L,CC,4,"1,3",,0,,2,0,0,1,"42,62",85,"2030",211,CCCLC,105,15,20,,"15,18",2,1,"161 (00232: 6-11-15-25-26)",3,false,false,false,2026-05-11 13:11:22.635 +0700
T7,2026-01-10,"2","00392",2,8,17,23,28,4,1,19939535500,4,10000000,116,5000000,812,500000,2479,100000,23065,30000,148267,10000,2,1,2,0,X,C,CC,3,"3","2-17-23",3,,0,0,0,0,"82",78,"2120",6,CCLLC,40,26,20,"8","8,15,18",3,0,"84 (00308: 8-11-17-18-28)",3,true,false,false,2026-05-11 13:11:22.636 +0700
T7,2026-01-10,"1","00391",13,14,21,26,31,10,0,13652467000,0,10000000,15,5000000,101,500000,328,100000,3229,30000,23543,10000,0,2,2,1,Z,C,LL,2,"0","13-31",2,,1,2,1,1,"12",105,"0221",11,LCLCL,26,20,20,,"8,15,18",3,26,"10 (00381: 5-13-14-19-26)",3,false,false,false,2026-05-11 13:11:22.638 +0700
T6,2026-01-09,"2","00390",5,11,14,20,32,1,0,12700670000,0,10000000,4,5000000,110,500000,222,100000,3534,30000,16536,10000,1,2,1,1,X,L,LC,3,,"5-11",2,"11",0,0,1,0,,82,"1211",13,LLCCC,13,16,20,,"8,18",2,25,"87 (00303: 4-8-14-20-32)",3,false,false,false,2026-05-11 13:11:22.640 +0700
T6,2026-01-09,"1","00389",1,25,28,32,35,12,0,11595723000,0,10000000,6,5000000,40,500000,133,100000,1586,30000,12341,10000,1,0,2,2,Z,C,LL,2,"1",,0,,0,0,2,0,"52",121,"1022",21,LLCCL,3,34,20,"32","8,18,32",3,24,"34 (00355: 3-23-28-32-35)",3,false,false,false,2026-05-11 13:11:22.641 +0700
T5,2026-01-08,"2","00388",6,7,10,28,35,6,0,10907201000,0,10000000,4,5000000,100,500000,224,100000,2566,30000,16004,10000,2,1,1,1,Y,C,CL,3,,"7",1,,1,0,0,1,,86,"2111",1,CLCCL,32,23,20,"35","8,18,32,35",4,23,"37 (00351: 6-16-28-33-35)",3,false,false,false,2026-05-11 13:11:22.642 +0700
T5,2026-01-08,"1","00387",4,9,13,25,30,6,0,10066743500,0,10000000,4,5000000,71,500000,181,100000,1671,30000,12053,10000,2,1,1,1,Y,C,CC,2,,"13",1,,0,1,0,1,,81,"2111",15,CLLLC,2,11,20,,"8,18,32,35",4,22,"20 (00367: 4-6-13-16-30)",3,false,false,false,2026-05-11 13:11:22.643 +0700
T4,2026-01-07,"2","00386",1,7,14,28,29,5,0,9548274500,2,10000000,9,5000000,86,500000,213,100000,2386,30000,15306,10000,2,1,2,0,Y,L,LL,2,"3","7-29",2,,1,1,1,1,,79,"2120",48,LLCCL,10,8,20,,"18,32,35",3,21,"52 (00334: 1-3-7-10-28)",3,false,false,true,2026-05-11 13:11:22.644 +0700
T4,2026-01-07,"1","00385",22,27,29,33,34,3,0,8857550000,0,10000000,2,5000000,64,500000,145,100000,1745,30000,10116,10000,0,0,3,2,X,L,CC,2,"0,1","29",1,"22,33",1,0,0,0,,145,"0032",29,CLLLC,16,14,20,,"18,32",2,20,"33 (00352: 6-26-27-33-34)",3,false,false,false,2026-05-11 13:11:22.646 +0700
T3,2026-01-06,"2","00384",4,6,12,16,31,2,0,8340357500,2,10000000,7,5000000,77,500000,207,100000,2175,30000,12388,10000,2,2,0,1,X,C,CL,4,"2","31",1,,0,1,1,0,"62",69,"2201",17,CCCCL,31,17,20,,"18,32",2,19,"17 (00367: 4-6-13-16-30)",3,false,false,true,2026-05-11 13:11:22.647 +0700
T5,2026-01-01,"2","00374",2,3,20,25,30,3,0,7106852500,0,10000000,6,5000000,80,500000,174,100000,1975,30000,10859,10000,2,0,2,1,X,L,CC,3,"1","2-3",2,,1,1,0,0,"02",80,"2021",11,CLCLC,34,11,20,,"9,18,29",3,9,"2 (00372: 3-5-11-25-30)",3,false,false,false,2026-05-11 13:11:22.660 +0700
T5,2026-01-01,"1","00373",11,17,23,26,34,12,0,6977665000,1,10000000,1,5000000,52,500000,86,100000,1501,30000,6917,10000,0,2,2,1,Z,C,LC,2,"0","11-17-23",3,"11",0,0,1,1,,111,"0221",50,LLLCC,24,13,20,,"9,18,29",3,8,"11 (00362: 11-17-19-26-33)",3,false,false,false,2026-05-11 13:11:22.661 +0700
T4,2025-12-31,"2","00372",3,5,11,25,30,12,0,6872315000,0,10000000,3,5000000,73,500000,148,100000,2147,30000,12354,10000,2,1,1,1,Z,C,LC,1,,"3-5-11",3,"11",0,0,2,0,"52",74,"2111",11,LLLLC,97,6,20,,"9,18,29",3,7,"52 (00320: 3-10-11-21-30)",3,false,false,false,2026-05-11 13:11:22.663 +0700
T4,2025-12-31,"1","00371",11,21,25,28,33,3,0,6706520000,0,10000000,5,5000000,40,500000,124,100000,1562,30000,8551,10000,0,1,3,1,X,L,LL,1,"0","11",1,"11,33",0,0,1,1,"12",118,"0131",71,LLLCL,1,12,20,,"9,18,29",3,6,"12 (00359: 5-12-25-28-33)",3,false,false,false,2026-05-11 13:11:22.664 +0700
T3,2025-12-30,"2","00370",7,15,23,24,33,2,0,6611460000,0,10000000,7,5000000,73,500000,144,100000,1844,30000,12202,10000,1,1,2,1,X,C,LL,1,,"7-23",2,"33",1,1,2,1,"32",102,"1121",11,LLLCL,8,22,20,"15","9,15,18,29",4,5,"76 (00294: 7-16-23-24-27)",3,false,false,false,2026-05-11 13:11:22.666 +0700
T3,2025-12-30,"1","00369",2,13,19,23,24,11,0,6500935000,0,10000000,4,5000000,39,500000,102,100000,1265,30000,8532,10000,1,2,2,0,Z,L,CC,2,"3","2-13-19-23",4,,1,1,0,1,"32",81,"1220",16,CLLLC,24,13,20,,"15,18,29",3,4,"167 (00202: 3-13-19-23-25)",3,false,false,false,2026-05-11 13:11:22.668 +0700
T2,2025-12-29,"2","00368",3,21,22,30,33,1,0,6413685000,1,10000000,3,5000000,81,500000,105,100000,1902,30000,10437,10000,1,0,2,2,X,L,LL,2,"1","3",1,"22,33",1,1,1,0,"32",109,"1022",13,LLCCL,13,13,20,,"18,29",2,3,"48 (00320: 3-10-11-21-30)",3,false,false,false,2026-05-11 13:11:22.670 +0700
T2,2025-12-29,"1","00367",4,6,13,16,30,10,0,6223292500,0,10000000,1,5000000,46,500000,106,100000,1118,30000,8906,10000,2,2,0,1,Z,C,CC,4,"2","13",1,,0,2,0,1,"62",69,"2201",36,CCLCC,78,16,20,,"18",1,2,"143 (00224: 2-4-16-28-30)",3,false,false,false,2026-05-11 13:11:22.672 +0700
CN,2025-12-28,"2","00366",2,5,7,8,21,12,0,6111122500,0,10000000,4,5000000,48,500000,173,100000,1456,30000,10858,10000,4,0,1,0,Z,C,CL,2,"1,3","2-5-7",3,,1,0,0,0,,43,"4010",,CLLCL,25,17,20,,"18",1,1,"109 (00257: 6-7-8-21-34)",3,false,false,false,2026-05-11 13:11:22.676 +0700
CN,2025-12-28,"1","00365",11,14,27,30,35,9,1,7395770000,1,10000000,5,5000000,32,500000,161,100000,1258,30000,11308,10000,0,2,1,2,Z,L,LL,2,"0","11",1,"11",0,0,2,0,,117,"0212",69,LCLCL,6,16,20,,"18",1,0,"28 (00337: 8-13-14-27-35)",3,true,false,false,2026-05-11 13:11:22.679 +0700
T7,2025-12-27,"2","00364",4,8,14,33,35,11,0,7328665000,0,10000000,5,5000000,63,500000,163,100000,1620,30000,13403,10000,2,1,0,2,Z,L,CL,3,"2",,0,"33",0,0,1,0,"42",94,"2102",62,CCCLL,13,11,20,,"18",1,14,"27 (00337: 8-13-14-27-35)",3,false,false,false,2026-05-11 13:11:22.681 +0700
T7,2025-12-27,"1","00363",1,2,20,24,33,10,0,7188260000,0,10000000,2,5000000,34,500000,102,100000,1044,30000,8536,10000,2,0,2,1,Z,C,LL,3,"1","2",1,"33",1,0,1,1,,80,"2021",17,LCCCL,6,5,20,,"18",1,13,"6 (00357: 1-2-4-10-33)",3,false,false,false,2026-05-11 13:11:22.683 +0700
T6,2025-12-26,"2","00362",11,17,19,26,33,8,0,7063817500,0,10000000,9,5000000,80,500000,241,100000,2324,30000,15246,10000,0,3,1,1,Y,C,LL,1,"0","11-17-19",3,"11,33",0,0,1,0,,106,"0311",17,LLLCL,14,17,20,,"18",1,12,"171 (00191: 19-22-26-27-33)",3,false,false,true,2026-05-11 13:11:22.687 +0700
T6,2025-12-26,"1","00361",1,2,19,21,31,3,0,6975042500,0,10000000,3,5000000,30,500000,110,100000,1124,30000,8619,10000,2,1,1,1,X,L,LL,1,,"2-19-31",3,,1,1,1,0,"13",74,"2111",1,LCLLL,60,21,20,"21","18,21",2,11,"234 (00127: 1-8-19-21-30)",3,false,false,false,2026-05-11 13:11:22.688 +0700
T5,2025-12-25,"2","00360",2,4,14,24,34,10,0,6835512500,1,10000000,8,5000000,96,500000,162,100000,1748,30000,13015,10000,2,1,1,1,Z,C,CC,5,,"2",1,,0,2,0,1,"44",78,"2111",13,CCCCC,45,7,20,,"18",1,10,"45 (00315: 4-8-22-24-34)",3,false,false,false,2026-05-11 13:11:22.689 +0700
T5,2025-12-25,"1","00359",5,12,25,28,33,8,0,6731325000,1,10000000,10,5000000,78,500000,185,100000,1708,30000,10786,10000,1,1,2,1,Y,C,LL,2,,"5",1,"33",0,1,0,1,"52",103,"1121",17,LCLCL,9,13,20,,"18",1,9,"60 (00299: 5-12-28-31-33)",4,false,false,true,2026-05-11 13:11:22.691 +0700
T4,2025-12-24,"2","00358",19,20,27,31,34,5,0,6731325000,1,10000000,6,5000000,46,500000,229,100000,1988,30000,14139,10000,0,1,2,2,Y,L,LC,2,"0","19-31",2,,1,0,0,1,,131,"0122",65,LCLLC,14,18,20,,"18",1,8,"111 (00247: 11-20-23-27-34)",3,false,false,false,2026-05-11 13:11:22.692 +0700
T4,2025-12-24,"1","00357",1,2,4,10,33,3,0,6625930000,0,10000000,2,5000000,35,500000,72,100000,1159,30000,7774,10000,3,1,0,1,X,L,LL,3,"2","2",1,"33",1,1,0,0,,50,"3101",8,LCCCL,28,13,20,,"18",1,7,"29 (00328: 2-10-23-33-35)",3,false,false,false,2026-05-11 13:11:22.693 +0700
T3,2025-12-23,"2","00356",22,23,26,34,35,3,0,6493390000,0,10000000,1,5000000,53,500000,127,100000,1618,30000,12281,10000,0,0,3,2,X,L,CL,3,"0,1","23",1,"22",2,2,2,0,,140,"0032",270,CLCCL,30,10,20,,,0,6,"61 (00295: 5-19-22-34-35)",3,false,false,true,2026-05-11 13:11:22.695 +0700
T3,2025-12-23,"1","00355",3,23,28,32,35,9,0,6335317500,0,10000000,7,5000000,44,500000,108,100000,1272,30000,9318,10000,1,0,2,2,Z,L,LL,2,"1","3-23",2,,0,1,2,1,"32",121,"1022",3,LLCCL,60,7,20,,,0,5,"29 (00326: 2-7-28-32-35)",3,false,false,true,2026-05-11 13:11:22.698 +0700
T2,2025-12-22,"2","00354",13,31,32,33,35,11,0,6257685000,1,10000000,18,5000000,121,500000,193,100000,2187,30000,14334,10000,0,1,0,4,Z,L,LL,1,"0,2","13-31",2,"33",2,1,0,1,"32",144,"0104",170,LLCLL,19,23,20,"32","32",1,4,"100 (00254: 13-29-30-32-35)",3,false,false,false,2026-05-11 13:11:22.700 +0700
T2,2025-12-22,"1","00353",8,12,14,24,27,9,0,6194770000,0,10000000,10,5000000,54,500000,167,100000,1434,30000,10946,10000,1,2,2,0,Z,L,CL,4,"3",,0,,0,0,1,1,"42",85,"1220",21,CCCCL,101,15,20,,"32",1,3,"16 (00337: 8-13-14-27-35)",3,false,false,false,2026-05-11 13:11:22.701 +0700
CN,2025-12-21,"2","00352",6,26,27,33,34,7,0,6154415000,0,10000000,4,5000000,51,500000,139,100000,1614,30000,11237,10000,1,0,2,2,Y,L,CC,3,"1",,0,"33",2,2,2,1,"62",126,"1022",54,CCLLC,117,10,20,,"32",1,2,"162 (00190: 6-24-27-33-34)",4,false,false,false,2026-05-11 13:11:22.702 +0700
CN,2025-12-21,"1","00351",6,16,28,33,35,8,0,6030482500,0,10000000,8,5000000,44,500000,128,100000,998,30000,9031,10000,1,1,1,2,Y,C,CL,3,,,0,"33",0,0,0,0,"62",118,"1112",23,CCCLL,73,18,20,,,0,1,"92 (00259: 6-11-25-33-35)",3,false,false,false,2026-05-11 13:11:22.703 +0700
T7,2025-12-20,"2","00350",11,12,13,14,19,7,1,6804270000,2,10000000,26,5000000,83,500000,260,100000,1829,30000,14537,10000,0,5,0,0,Y,L,LL,2,"0,2,3","11-13-19",3,"11",3,0,0,0,,69,"0500",,LCLCL,34,12,20,,,0,0,"49 (00301: 11-14-19-21-27)",3,true,false,false,2026-05-11 13:11:22.705 +0700
T7,2025-12-20,"1","00349",1,7,9,16,30,11,0,6804270000,0,10000000,2,5000000,38,500000,145,100000,1238,30000,10686,10000,3,1,0,1,Z,L,LC,2,"2","7",1,,0,0,1,1,,63,"3101",156,LLLCC,13,11,20,,,0,44,"45 (00304: 1-10-16-30-34)",3,false,false,false,2026-05-11 13:11:22.706 +0700
T6,2025-12-19,"2","00348",3,13,15,16,23,10,0,6720045000,1,10000000,6,5000000,56,500000,189,100000,1899,30000,12373,10000,1,3,1,0,Z,C,LL,1,"3","3-13-23",3,,1,1,1,0,"33",70,"1310",4,LLLCL,36,7,20,,,0,43,"16 (00332: 3-10-16-23-29)",3,false,false,false,2026-05-11 13:11:22.707 +0700
T6,2025-12-19,"1","00347",4,5,13,29,35,5,0,6616945000,0,10000000,6,5000000,40,500000,153,100000,1221,30000,10896,10000,2,1,1,1,Y,L,CL,1,,"5-13-29",3,,1,0,0,0,"52",86,"2111",22,CLLLL,61,23,20,"4","4",1,42,"93 (00254: 13-29-30-32-35)",3,false,false,false,2026-05-11 13:11:22.708 +0700
T5,2025-12-18,"2","00346",2,7,22,25,31,9,0,6556887500,0,10000000,9,5000000,61,500000,163,100000,1684,30000,12766,10000,2,0,2,1,Z,L,CL,2,"1","2-7-31",3,"22",0,0,0,0,"22",87,"2021",31,CLCLL,9,21,20,"31","4,31",2,41,"120 (00226: 2-7-22-33-34)",3,false,false,false,2026-05-11 13:11:22.710 +0700
T5,2025-12-18,"1","00345",14,15,17,27,34,8,0,6453515000,0,10000000,3,5000000,40,500000,156,100000,1208,30000,10604,10000,0,3,1,1,Y,C,CC,2,"0","17",1,,1,0,1,0,"42,72",107,"0311",48,CLLLC,7,12,20,,"4",1,40,"194 (00151: 15-17-19-20-34)",3,false,false,false,2026-05-11 13:11:22.711 +0700
T4,2025-12-17,"2","00344",7,10,17,19,22,1,0,6379890000,0,10000000,9,5000000,85,500000,140,100000,2051,30000,9339,10000,1,3,1,0,X,L,LC,2,"3","7-17-19",3,"22",0,1,0,1,"72",75,"1310",34,LCLLC,24,32,20,"19,22","19,22",2,39,"100 (00244: 6-7-10-19-22)",4,false,false,true,2026-05-11 13:11:22.713 +0700
T4,2025-12-17,"1","00343",6,23,27,28,30,6,0,6267832500,0,10000000,5,5000000,35,500000,109,100000,1395,30000,9265,10000,1,0,3,1,Y,C,CC,3,"1","23",1,,1,1,1,2,,114,"1031",56,CLLCC,26,54,20,"6","6,19,22",3,38,"50 (00293: 17-23-28-30-31)",3,false,false,false,2026-05-11 13:11:22.715 +0700
T3,2025-12-16,"2","00342",7,10,26,27,35,11,0,6182440000,4,10000000,11,5000000,55,500000,148,100000,1770,30000,11985,10000,1,1,2,1,Z,L,LL,2,,"7",1,,1,0,1,0,"72",105,"1121",7,LCCLL,10,8,20,,"6,19,22",3,37,"68 (00274: 7-10-11-24-26)",3,false,false,false,2026-05-11 13:11:22.716 +0700
T3,2025-12-16,"1","00341",2,3,7,16,17,10,0,6128925000,1,10000000,6,5000000,49,500000,167,100000,1785,30000,12700,10000,3,2,0,0,Z,C,CL,2,"2,3","2-3-7-17",4,,2,0,0,0,"72",45,"3200",2,CLLCL,72,18,20,,"6,19",2,36,"16 (00325: 2-3-16-23-31)",3,false,false,true,2026-05-11 13:11:22.717 +0700
T2,2025-12-15,"2","00340",20,21,24,25,28,9,-1,20647783000,10,710014300,64,58770000,828,4655000,1796,2015000,23762,170000,137155,10000,0,0,5,0,Z,L,CC,3,"0,1,3",,0,,2,0,0,0,,118,"0050",145,CLCLC,7,21,20,"20","6,19,20",3,35,"135 (00205: 7-21-24-25-28)",4,false,true,false,2026-05-11 13:11:22.718 +0700
T2,2025-12-15,"1","00339",1,2,5,12,16,9,0,13522877000,1,10000000,11,5000000,93,500000,284,100000,3147,30000,27841,10000,3,2,0,0,Z,L,LC,3,"2,3","2-5",2,,1,0,0,1,"22",36,"3200",166,LCLCC,63,11,20,,"6,19",2,34,"131 (00208: 1-5-16-22-26)",3,false,false,false,2026-05-11 13:11:22.719 +0700
CN,2025-12-14,"2","00338",8,9,11,25,26,7,0,12389634000,0,10000000,12,5000000,130,500000,359,100000,3647,30000,27024,10000,2,1,2,0,Y,L,CC,2,"3","11",1,"11",2,1,1,1,,79,"2120",21,CLLLC,106,22,20,"9","6,9,19",3,33,"97 (00241: 8-9-25-26-32)",4,false,false,false,2026-05-11 13:11:22.720 +0700
CN,2025-12-14,"1","00337",8,13,14,27,35,6,0,11491549000,1,10000000,16,5000000,51,500000,280,100000,1933,30000,16351,10000,1,2,1,1,Y,C,CL,2,,"13",1,,1,1,0,1,,97,"1211",17,CLCLL,12,23,20,"14,27","6,9,14,19,27",5,32,"145 (00192: 8-9-14-27-35)",4,false,false,true,2026-05-11 13:11:22.722 +0700
T7,2025-12-13,"2","00336",5,7,15,16,18,10,0,10971698000,1,10000000,9,5000000,96,500000,202,100000,2715,30000,14706,10000,2,3,0,0,Z,C,LC,2,"2,3","5-7",2,,1,0,0,0,"52",61,"2300",76,LLLCC,2,15,20,,"6,14,19",3,31,"87 (00249: 5-8-15-17-18)",3,false,false,false,2026-05-11 13:11:22.723 +0700
T7,2025-12-13,"1","00335",1,11,26,29,35,10,0,10188945000,0,10000000,3,5000000,58,500000,115,100000,1484,30000,10785,10000,1,1,2,1,Z,C,LL,1,,"11-29",2,"11",0,0,1,2,"12",102,"1121",5,LLCLL,5,11,20,,"6,14,19",3,30,"5 (00330: 1-15-26-29-33)",3,false,false,false,2026-05-11 13:11:22.723 +0700
T6,2025-12-12,"2","00334",1,3,7,10,28,4,0,9648424500,0,10000000,13,5000000,89,500000,198,100000,2574,30000,15673,10000,3,1,1,0,X,C,LC,2,"3","3-7",2,,0,1,0,0,,49,"3110",21,LLLCC,13,8,20,,"6,19",2,29,"265 (00069: 1-3-7-10-25)",4,false,false,false,2026-05-11 13:11:22.724 +0700
T3,2025-12-09,"1","00327",1,8,10,13,32,3,0,8282002500,1,10000000,1,5000000,32,500000,153,100000,1281,30000,10578,10000,2,2,0,1,X,L,LC,3,"2","13",1,,0,1,1,1,,64,"2201",3,LCCLC,88,7,20,,"6,15",2,22,"251 (00076: 5-8-10-13-32)",4,false,false,false,2026-05-11 13:11:22.732 +0700
T2,2025-12-08,"2","00326",2,7,28,32,35,8,0,8155457500,1,10000000,3,5000000,44,500000,259,100000,2260,30000,19642,10000,2,0,1,2,Y,C,CL,3,"1","2-7",2,,0,1,1,1,"22",104,"2012",42,CLCCL,20,17,20,,"6,15",2,21,"174 (00152: 2-6-7-24-28)",3,false,false,false,2026-05-11 13:11:22.733 +0700
T2,2025-12-08,"1","00325",2,3,16,23,31,12,0,7980512500,1,10000000,6,5000000,53,500000,145,100000,1413,30000,11294,10000,2,1,1,1,Z,C,CL,2,,"2-3-23-31",4,,1,1,0,0,"32",75,"2111",4,CLCLL,133,14,20,,"6,15",2,20,"197 (00128: 2-10-22-23-31)",3,false,false,false,2026-05-11 13:11:22.734 +0700
CN,2025-12-07,"2","00324",4,8,11,18,35,9,0,7880875000,1,10000000,16,5000000,59,500000,219,100000,1979,30000,16709,10000,2,2,0,1,Z,L,CL,3,"2","11",1,"11",0,0,1,1,"82",76,"2201",107,CCLCL,44,10,20,,"6,15",2,19,"16 (00308: 8-11-17-18-28)",3,false,false,false,2026-05-11 13:11:22.735 +0700
CN,2025-12-07,"1","00323",11,17,21,23,31,2,0,7831157500,0,10000000,14,5000000,60,500000,182,100000,1443,30000,8414,10000,0,2,2,1,X,C,LL,0,"0","11-17-23-31",4,"11",0,0,2,0,"13",103,"0221",4,LLLLL,1,15,20,,"6,15",2,18,"30 (00293: 17-23-28-30-31)",3,false,false,false,2026-05-11 13:11:22.736 +0700
T7,2025-12-06,"2","00322",1,11,13,23,25,8,0,7771312500,0,10000000,11,5000000,64,500000,245,100000,1789,30000,17756,10000,1,2,2,0,Y,C,LL,0,"3","11-13-23",3,"11",0,0,1,1,"12,32",73,"1220",36,LLLLL,30,12,20,,"6,15",2,17,"120 (00202: 3-13-19-23-25)",3,false,false,false,2026-05-11 13:11:22.737 +0700
T7,2025-12-06,"1","00321",5,7,13,22,34,11,0,7707985000,0,10000000,5,5000000,50,500000,120,100000,1366,30000,9676,10000,2,1,1,1,Z,L,LC,2,,"5-7-13",3,"22",0,0,0,1,,81,"2111",18,LLLCC,37,22,20,"5","5,6,15",3,16,"56 (00265: 5-9-13-22-34)",4,false,false,false,2026-05-11 13:11:22.738 +0700
T6,2025-12-05,"2","00320",3,10,11,21,30,10,0,7628557500,0,10000000,9,5000000,65,500000,203,100000,2160,30000,12713,10000,1,2,1,1,Z,C,LC,2,,"3-11",2,"11",1,0,1,1,"02,12",75,"1211",6,LCLLC,9,4,20,,"5,6,15",3,15,"87 (00233: 6-10-11-12-30)",3,false,false,false,2026-05-11 13:11:22.739 +0700
T6,2025-12-05,"1","00319",13,18,20,28,30,3,0,7495930000,0,10000000,5,5000000,42,500000,178,100000,1389,30000,11582,10000,0,2,2,1,X,L,LC,4,"0","13",1,,0,1,1,1,"02,82",109,"0221",10,LCCCC,15,9,20,,"6,15",2,14,"14 (00305: 2-18-20-30-34)",3,false,false,false,2026-05-11 13:11:22.741 +0700
T5,2025-12-04,"2","00318",3,7,12,13,21,1,0,7419492500,2,10000000,6,5000000,79,500000,137,100000,2104,30000,9877,10000,2,2,1,0,X,L,LL,1,"3","3-7-13",3,,1,0,1,3,"32",56,"2210",26,LLCLL,48,7,20,,"6,15",2,13,"112 (00206: 3-7-10-13-14)",3,false,false,false,2026-05-11 13:11:22.742 +0700
T5,2025-12-04,"1","00317",2,7,11,20,26,10,0,7277262500,0,10000000,6,5000000,35,500000,134,100000,1643,30000,8324,10000,2,1,2,0,Z,C,CC,3,"3","2-7-11",3,"11",0,1,0,1,,66,"2120",26,CLLCC,9,30,20,"7,26","6,7,26",3,12,"121 (00196: 2-11-20-26-28)",4,false,false,false,2026-05-11 13:11:22.743 +0700
T4,2025-12-03,"2","00316",9,10,27,30,31,2,0,7188995000,0,10000000,4,5000000,59,500000,193,100000,2143,30000,11917,10000,1,1,1,2,X,C,LL,2,,"31",1,,2,0,0,1,"02",107,"1112",9,LCLCL,6,16,20,,"6,7,26",3,11,"41 (00275: 7-9-21-27-30)",3,false,false,false,2026-05-11 13:11:22.743 +0700
T4,2025-12-03,"1","00315",4,8,22,24,34,5,0,7030495000,0,10000000,2,5000000,44,500000,159,100000,1485,30000,10695,10000,2,0,2,1,Y,L,CC,5,"1",,0,"22",0,2,0,0,"43",92,"2021",40,CCCCC,8,8,20,,"6,7,26",3,10,"62 (00253: 4-8-14-24-32)",3,false,false,false,2026-05-11 13:11:22.745 +0700
T3,2025-12-02,"2","00314",9,12,14,28,35,10,0,6941140000,0,10000000,7,5000000,67,500000,168,100000,2037,30000,13078,10000,1,2,1,1,Z,C,LL,3,,,0,,0,0,1,0,,98,"1211",36,LCCCL,1,8,20,,"6,26",2,9,"271 (00043: 9-14-28-33-35)",4,false,false,false,2026-05-11 13:11:22.746 +0700
T3,2025-12-02,"1","00313",1,2,4,14,23,7,0,6830520000,0,10000000,4,5000000,27,500000,118,100000,1060,30000,10686,10000,3,1,1,0,Y,L,LL,3,"3","2-23",2,,1,0,0,1,"42",44,"3110",114,LCCCL,15,19,20,,"6,26",2,8,"96 (00217: 1-4-14-15-32)",3,false,false,true,2026-05-11 13:11:22.747 +0700
T2,2025-12-01,"2","00312",9,13,19,30,33,12,0,6740310000,2,10000000,1,5000000,89,500000,140,100000,2381,30000,11032,10000,1,2,0,2,Z,C,LL,1,"2","13-19",2,"33",0,1,0,1,"32,92",104,"1202",8,LLLCL,76,29,20,"13","6,13,26",3,7,"188 (00124: 9-12-13-19-25)",3,false,false,false,2026-05-11 13:11:22.748 +0700
T2,2025-12-01,"1","00311",3,16,21,29,34,12,0,6553777500,0,10000000,4,5000000,60,500000,103,100000,1378,30000,7340,10000,1,1,2,1,Z,C,LC,2,,"3-29",2,,0,0,0,0,,103,"1121",22,LCLLC,62,26,20,"3","3,6,13,26",4,6,"141 (00170: 3-12-20-21-29)",3,false,false,false,2026-05-11 13:11:22.750 +0700
CN,2025-11-30,"2","00310",9,10,11,18,25,12,0,6442207500,1,10000000,7,5000000,79,500000,166,100000,2397,30000,11048,10000,1,3,1,0,Z,C,LL,2,"3","11",1,"11",2,2,1,1,,73,"1310",2,LCLCL,13,23,20,"9","3,6,9,13,26",5,5,"144 (00166: 11-18-20-24-25)",3,false,false,false,2026-05-11 13:11:22.751 +0700
CN,2025-11-30,"1","00309",11,19,24,27,32,4,0,6350845000,0,10000000,1,5000000,60,500000,109,100000,1669,30000,7280,10000,0,2,2,1,X,C,LC,2,"0","11-19",2,"11",0,1,1,1,,113,"0221",67,LLCLC,24,11,20,,"3,9,13,26",4,4,"8 (00301: 11-14-19-21-27)",3,false,false,false,2026-05-11 13:11:22.752 +0700
T7,2025-11-29,"2","00308",8,11,17,18,28,4,0,6254382500,2,10000000,6,5000000,86,500000,144,100000,1975,30000,10435,10000,1,3,1,0,X,C,CC,3,"3","11-17",2,"11",1,1,0,0,"83",82,"1310",40,CLLCC,27,12,20,,"3,9,13,26",4,3,"133 (00175: 8-11-15-18-28)",4,false,false,false,2026-05-11 13:11:22.755 +0700
T7,2025-11-29,"1","00307",2,12,22,30,32,9,0,6196880000,1,10000000,3,5000000,45,500000,110,100000,1061,30000,7443,10000,1,1,1,2,Z,L,CC,5,,"2",1,"22",0,0,2,1,"24",98,"1112",2,CCCCC,2,8,20,,"3,13",2,2,"11 (00296: 14-17-22-30-32)",3,false,false,false,2026-05-11 13:11:22.758 +0700
T6,2025-11-28,"2","00306",18,29,30,32,35,2,0,6133477500,1,10000000,1,5000000,34,500000,92,100000,1225,30000,9105,10000,0,1,1,3,X,C,CL,3,"0","29",1,,1,1,2,1,,144,"0113",52,CLCCL,85,11,20,,"3,13",2,1,"52 (00254: 13-29-30-32-35)",4,false,false,false,2026-05-11 13:11:22.759 +0700
T6,2025-11-28,"1","00305",2,18,20,30,34,9,1,6297190000,0,10000000,3,5000000,46,500000,112,100000,1151,30000,9657,10000,1,1,1,2,Z,L,CC,5,,"2",1,,0,0,2,1,"02",104,"1112",6,CCCCC,2,3,20,,"13",1,0,"3 (00302: 2-4-18-30-34)",4,true,false,false,2026-05-11 13:11:22.760 +0700
T5,2025-11-27,"2","00304",1,10,16,30,34,7,0,6235762500,0,10000000,5,5000000,47,500000,159,100000,1417,30000,12704,10000,1,2,0,2,Y,L,LC,4,"2",,0,,0,0,0,0,"02",91,"1202",103,LCCCC,17,14,20,,"13",1,3,"139 (00165: 10-27-29-30-34)",3,false,false,false,2026-05-11 13:11:22.761 +0700
T5,2025-11-27,"1","00303",4,8,14,20,32,1,0,6135765000,1,10000000,5,5000000,49,500000,93,100000,1174,30000,6265,10000,2,1,1,1,X,L,CC,5,,,0,,0,0,1,0,"42",78,"2111",27,CCCCC,1,12,20,,,0,2,"50 (00253: 4-8-14-24-32)",4,false,false,false,2026-05-11 13:11:22.762 +0700
T4,2025-11-26,"2","00302",2,4,18,30,34,4,0,6070905000,1,10000000,6,5000000,60,500000,153,100000,1439,30000,11290,10000,2,1,0,2,X,C,CC,5,"2","2",1,,0,1,0,0,"42",88,"2102",32,CCCCC,49,31,20,"2,4","2,4",2,1,"84 (00218: 2-4-21-30-34)",4,false,false,false,2026-05-11 13:11:22.763 +0700
T4,2025-11-26,"1","00301",11,14,19,21,27,8,1,6920642500,1,10000000,4,5000000,56,500000,191,100000,1354,30000,11411,10000,0,3,2,0,Y,C,LL,1,"0,3","11-19",2,"11",0,2,1,0,"12",92,"0320",158,LCLLL,29,12,20,,"4",1,0,"158 (00143: 11-14-19-21-25)",4,true,false,false,2026-05-11 13:11:22.764 +0700
T3,2025-11-25,"2","00300",11,22,28,29,31,10,0,6881745000,0,10000000,6,5000000,49,500000,191,100000,1867,30000,14126,10000,0,1,3,1,Z,C,LL,2,"0","11-29-31",3,"11,22",1,1,2,1,"12",121,"0131",53,LCCLL,1,14,20,,"4",1,34,"27 (00273: 3-11-12-28-31)",3,false,false,false,2026-05-11 13:11:22.766 +0700
T3,2025-11-25,"1","00299",5,12,28,31,33,7,0,6770475000,0,10000000,2,5000000,35,500000,133,100000,1256,30000,12302,10000,1,1,1,2,Y,L,LL,2,,"5-31",2,"33",0,1,2,1,,109,"1112",4,LCCLL,41,6,20,,"4",1,33,"2 (00297: 11-12-15-28-33)",3,false,false,false,2026-05-11 13:11:22.768 +0700
T2,2025-11-24,"2","00298",5,20,24,32,33,5,0,6702090000,1,10000000,10,5000000,75,500000,219,100000,2390,30000,16119,10000,1,0,2,2,Y,L,LL,3,"1","5",1,"33",1,1,1,0,,114,"1022",42,LCCCL,7,10,20,,"4",1,32,"158 (00140: 5-7-29-32-33)",3,false,false,true,2026-05-11 13:11:22.771 +0700
T2,2025-11-24,"1","00297",11,12,15,28,33,6,0,6591875000,0,10000000,6,5000000,75,500000,185,100000,1677,30000,11297,10000,0,3,1,1,Y,C,LL,2,"0","11",1,"11,33",1,0,0,2,,99,"0311",109,LCLCL,3,9,20,,"4",1,31,"24 (00273: 3-11-12-28-31)",3,false,false,false,2026-05-11 13:11:22.772 +0700
CN,2025-11-23,"2","00296",14,17,22,30,32,11,0,6556130000,0,10000000,4,5000000,53,500000,121,100000,1533,30000,10880,10000,0,2,1,2,Z,L,CC,4,"0","17",1,"22",0,0,1,0,"22",115,"0212",8,CLCCC,17,17,20,,"4",1,30,"20 (00276: 3-8-17-22-30)",3,false,false,false,2026-05-11 13:11:22.773 +0700
CN,2025-11-23,"1","00295",5,19,22,34,35,12,0,6412402500,0,10000000,2,5000000,42,500000,104,100000,1209,30000,6652,10000,1,1,1,2,Z,C,LL,2,,"5-19",2,"22",1,1,0,0,"52",115,"1112",36,LLCCL,2,17,20,,"4",1,29,"30 (00265: 5-9-13-22-34)",3,false,false,false,2026-05-11 13:11:22.775 +0700
T7,2025-11-22,"2","00294",7,16,23,24,27,9,0,6313127500,0,10000000,2,5000000,54,500000,187,100000,1654,30000,14114,10000,1,1,3,0,Z,L,LL,2,"3","7-23",2,,1,2,1,1,"72",97,"1130",13,LCLCL,26,52,20,"16","4,16",2,28,"239 (00055: 1-7-12-16-23)",3,false,false,false,2026-05-11 13:11:22.776 +0700
T7,2025-11-22,"1","00293",17,23,28,30,31,2,0,6213622500,0,10000000,3,5000000,37,500000,80,100000,1038,30000,7002,10000,0,1,2,2,X,C,LL,2,"0","17-23-31",3,,1,0,1,0,,129,"0122",29,LLCCL,20,20,20,,"4,16",2,27,"183 (00110: 16-20-23-28-31)",3,false,false,false,2026-05-11 13:11:22.777 +0700
T6,2025-11-21,"2","00292",5,7,11,19,23,11,0,6114445000,0,10000000,9,5000000,66,500000,148,100000,2112,30000,10945,10000,2,2,1,0,Z,L,LL,0,"3","5-7-11-19-23",5,"11",0,2,1,1,,65,"2210",2,LLLLL,2,20,20,,"4,16",2,26,"20 (00272: 5-10-11-23-29)",3,false,false,false,2026-05-11 13:11:22.778 +0700
T6,2025-11-21,"1","00291",7,8,10,24,25,8,0,6039047500,0,10000000,10,5000000,50,500000,204,100000,1677,30000,11872,10000,2,1,2,0,Y,C,LL,3,"3","7",1,,2,0,1,2,,74,"2120",22,LCCCL,123,17,20,,"16",1,25,"17 (00274: 7-10-11-24-26)",3,false,false,false,2026-05-11 13:11:22.779 +0700
T5,2025-11-20,"2","00290",1,7,15,17,23,11,-1,19441529500,2,3270939750,42,82145000,596,5935000,1703,2000000,18312,205000,138801,10000,2,2,1,0,Z,L,LL,0,"3","7-17-23",3,,0,1,0,2,"72",63,"2210",28,LLLLL,23,9,20,,"16",1,24,"105 (00185: 6-15-17-23-25)",3,false,true,false,2026-05-11 13:11:22.780 +0700
T5,2025-11-20,"1","00289",6,14,21,24,30,5,0,13403127500,0,10000000,3,5000000,85,500000,244,100000,2846,30000,24627,10000,1,1,2,1,Y,L,CC,4,,,0,,0,0,1,1,"42",95,"1121",7,CCLCC,49,18,20,,"16",1,23,"38 (00251: 6-11-14-20-30)",3,false,false,false,2026-05-11 13:11:22.782 +0700
T4,2025-11-19,"2","00288",12,14,20,33,34,1,0,12468132500,1,10000000,6,5000000,111,500000,205,100000,3079,30000,15009,10000,0,2,1,2,X,L,CC,4,"0",,0,"33",1,1,2,0,"42",113,"0212",45,CCCLC,45,10,20,,"16",1,22,"25 (00263: 2-14-15-20-33)",3,false,false,false,2026-05-11 13:11:22.783 +0700
T4,2025-11-19,"1","00287",9,20,24,26,34,12,0,11545301500,0,10000000,4,5000000,73,500000,156,100000,1865,30000,9793,10000,1,0,3,1,Z,C,LC,4,"1",,0,,0,1,0,1,"42",113,"1031",29,LCCCC,5,13,20,,"16",1,21,"45 (00242: 16-17-20-24-34)",3,false,false,false,2026-05-11 13:11:22.784 +0700
T3,2025-11-18,"2","00286",8,11,17,21,29,3,0,10941287500,0,10000000,8,5000000,86,500000,258,100000,2538,30000,15921,10000,1,2,2,0,X,L,CL,1,"3","11-17-29",3,"11",0,1,1,0,"12",86,"1220",12,CLLLL,27,12,20,,"16",1,20,"6 (00280: 8-20-21-28-29)",3,false,false,false,2026-05-11 13:11:22.785 +0700
T3,2025-11-18,"1","00285",3,17,30,33,34,8,0,10142257000,0,10000000,1,5000000,48,500000,189,100000,1583,30000,13783,10000,1,1,0,3,Y,C,LC,2,"2","3-17",2,"33",1,1,2,0,"32",117,"1103",72,LLCLC,24,14,20,,"16",1,19,"9 (00276: 3-8-17-22-30)",3,false,false,false,2026-05-11 13:11:22.786 +0700
T2,2025-11-17,"2","00284",7,9,23,30,34,2,0,9612115500,0,10000000,12,5000000,103,500000,190,100000,2829,30000,14281,10000,2,0,1,2,X,C,LC,2,"1","7-23",2,,0,0,1,0,,103,"2012",58,LLLCC,19,12,20,,"16",1,18,"9 (00275: 7-9-21-27-30)",3,false,false,false,2026-05-11 13:11:22.787 +0700
T7,2025-11-15,"2","00280",8,20,21,28,29,3,0,7344927500,0,10000000,7,5000000,56,500000,159,100000,1899,30000,11825,10000,1,0,4,0,X,L,CL,3,"1,3","29",1,,2,1,1,1,"82",106,"1040",75,CCLCL,17,8,20,,"16",1,14,"22 (00258: 7-20-28-29-31)",3,false,false,false,2026-05-11 13:11:22.793 +0700
T7,2025-11-15,"1","00279",2,15,20,22,32,10,0,7179685000,0,10000000,6,5000000,62,500000,182,100000,1519,30000,9839,10000,1,1,2,1,Z,C,CC,4,,"2",1,"22",0,0,0,1,"23",91,"1121",43,CLCCC,2,16,20,,"16",1,13,"16 (00263: 2-14-15-20-33)",3,false,false,true,2026-05-11 13:11:22.794 +0700
T6,2025-11-14,"2","00278",8,12,14,25,35,3,0,7108347500,0,10000000,2,5000000,88,500000,205,100000,2138,30000,13334,10000,1,2,1,1,X,L,CL,3,,,0,,0,1,1,0,"52",94,"1211",5,CCCLL,114,19,20,,"16",1,12,"40 (00238: 12-14-25-28-31)",3,false,false,true,2026-05-11 13:11:22.794 +0700
T6,2025-11-14,"1","00277",14,19,22,26,28,7,0,6973415000,0,10000000,4,5000000,63,500000,176,100000,1522,30000,13117,10000,0,2,3,0,Y,L,CC,4,"0,3","19",1,"22",0,0,1,0,,109,"0230",67,CLCCC,26,16,20,,"16",1,11,"16 (00261: 3-13-14-19-28)",3,false,false,true,2026-05-11 13:11:22.795 +0700
T5,2025-11-13,"2","00276",3,8,17,22,30,1,0,6924652500,1,10000000,3,5000000,78,500000,138,100000,1991,30000,9997,10000,2,1,1,1,X,L,LC,3,,"3-17",2,"22",0,1,1,2,,80,"2111",11,LCLCC,2,19,20,,"16",1,10,"27 (00249: 5-8-15-17-18)",2,false,false,false,2026-05-11 13:11:22.797 +0700
T5,2025-11-13,"1","00275",7,9,21,27,30,4,0,6761012500,1,10000000,5,5000000,58,500000,128,100000,1438,30000,8854,10000,2,0,2,1,X,C,LC,1,"1","7",1,,0,1,1,1,"72",94,"2021",9,LLLLC,112,21,20,"30","16,30",2,9,"145 (00130: 5-7-10-21-30)",3,false,false,false,2026-05-11 13:11:22.798 +0700
T4,2025-11-12,"2","00274",7,10,11,24,26,6,0,6685240000,1,10000000,18,5000000,68,500000,242,100000,2097,30000,14762,10000,1,2,2,0,Y,C,LC,3,"3","7-11",2,"11",1,2,1,0,,78,"1220",2,LCLCC,29,10,20,,"16",1,8,"6 (00268: 7-10-11-14-29)",3,false,false,false,2026-05-11 13:11:22.799 +0700
T4,2025-11-12,"1","00273",3,11,12,28,31,12,0,6660900000,0,10000000,4,5000000,48,500000,98,100000,1533,30000,6668,10000,1,2,1,1,Z,C,LL,2,,"3-11-31",3,"11",1,1,1,2,"12",85,"1211",10,LLCCL,19,25,20,"12","12,16",2,7,"25 (00248: 9-11-12-24-28)",3,false,false,true,2026-05-11 13:11:22.800 +0700
T3,2025-11-11,"2","00272",5,10,11,23,29,8,0,6553350000,0,10000000,12,5000000,76,500000,238,100000,1993,30000,19440,10000,1,2,2,0,Y,C,LL,1,"3","5-11-23-29",4,"11",1,1,1,2,,78,"1220",24,LCLLL,73,4,20,,"12,16",2,6,"4 (00268: 7-10-11-14-29)",3,false,false,true,2026-05-11 13:11:22.801 +0700
T3,2025-11-11,"1","00271",4,6,9,23,33,12,0,6532437500,0,10000000,2,5000000,58,500000,91,100000,1429,30000,6228,10000,3,0,1,1,Z,C,CL,2,"1","23",1,"33",0,3,0,1,"32",75,"3011",14,CCLLL,90,8,20,,"12,16",2,5,"16 (00255: 4-6-11-20-33)",3,false,false,false,2026-05-11 13:11:22.802 +0700
T2,2025-11-10,"2","00270",5,7,10,31,35,9,0,6403905000,0,10000000,3,5000000,58,500000,180,100000,2029,30000,16797,10000,2,1,0,2,Z,L,LL,1,"2","5-7-31",3,,0,0,0,2,"52",88,"2102",138,LLCLL,76,12,20,,"12,16",2,4,"86 (00184: 10-31-33-34-35)",3,false,false,true,2026-05-11 13:11:22.803 +0700
T2,2025-11-10,"1","00269",4,9,13,24,27,12,0,6250850000,2,10000000,4,5000000,72,500000,88,100000,1575,30000,6660,10000,2,1,2,0,Z,C,CL,2,"3","13",1,,0,2,0,0,"42",77,"2120",2,CLLCL,13,16,20,,"12,16",2,3,"161 (00108: 9-13-18-24-29)",3,false,false,false,2026-05-11 13:11:22.804 +0700
CN,2025-11-09,"2","00268",7,10,11,14,29,2,0,6172485000,0,10000000,6,5000000,72,500000,157,100000,1670,30000,10290,10000,1,3,1,0,X,C,LL,2,"3","7-11-29",3,"11",1,1,0,0,,71,"1310",7,LCLCL,8,24,20,"10","10,16",2,2,"62 (00206: 3-7-10-13-14)",3,false,false,false,2026-05-11 13:11:22.805 +0700
CN,2025-11-09,"1","00267",3,5,15,21,23,10,0,6065572500,1,10000000,8,5000000,43,500000,110,100000,1314,30000,9089,10000,2,1,2,0,Z,C,LL,0,"3","3-5-23",3,,0,1,1,1,"32,52",67,"2120",22,LLLLL,40,10,20,,"10,16",2,1,"37 (00230: 3-14-20-21-23)",3,false,false,false,2026-05-11 13:11:22.806 +0700
T7,2025-11-08,"2","00266",6,7,20,23,34,3,1,21373052500,5,10000000,79,5000000,690,500000,1938,100000,22034,30000,143359,10000,2,0,2,1,X,L,CC,3,"1","7-23",2,,1,0,1,2,,90,"2021",25,CLCLC,9,19,20,,"10,16",2,0,"9 (00257: 6-7-8-21-34)",3,true,false,false,2026-05-11 13:11:22.807 +0700
T7,2025-11-08,"1","00265",5,9,13,22,34,12,0,14697284000,1,10000000,6,5000000,160,500000,309,100000,3770,30000,23364,10000,2,1,1,1,Z,C,LC,2,,"5-13",2,"22",0,0,1,0,,83,"2111",10,LLLCC,114,21,20,"22","10,16,22",3,31,"96 (00169: 5-13-15-22-23)",3,false,false,false,2026-05-11 13:11:22.808 +0700
T6,2025-11-07,"2","00264",11,26,28,32,34,4,0,13456148500,0,10000000,26,5000000,170,500000,402,100000,5036,30000,30372,10000,0,1,2,2,X,C,LC,4,"0","11",1,"11",0,1,0,1,,131,"0122",25,LCCCC,2,12,20,,"16",1,30,"68 (00196: 2-11-20-26-28)",3,false,false,false,2026-05-11 13:11:22.809 +0700
T6,2025-11-07,"1","00263",2,14,15,20,33,9,0,12099446500,0,10000000,5,5000000,68,500000,179,100000,2229,30000,14934,10000,1,2,1,1,Z,L,CL,3,,"2",1,"33",1,0,1,1,,84,"1211",12,CCLCL,8,14,20,,"16",1,29,"28 (00235: 2-4-11-15-20)",3,false,false,false,2026-05-11 13:11:22.810 +0700
T5,2025-11-06,"2","00262",5,6,14,18,28,11,0,11405966500,0,10000000,6,5000000,85,500000,281,100000,2769,30000,20182,10000,2,2,1,0,Z,L,LC,4,"3","5",1,,1,1,2,1,"82",71,"2210",18,LCCCC,31,13,20,,,0,28,"260 (00002: 6-12-14-18-25)",3,false,false,true,2026-05-11 13:11:22.811 +0700
T5,2025-11-06,"1","00261",3,13,14,19,28,9,0,10577755000,0,10000000,7,5000000,69,500000,222,100000,1768,30000,15520,10000,1,3,1,0,Z,L,LC,2,"3","3-13-19",3,,1,1,1,1,"32",77,"1310",24,LLCLC,27,27,20,"3","3",1,27,"85 (00176: 3-12-13-19-28)",4,false,false,false,2026-05-11 13:11:22.812 +0700
T4,2025-11-05,"2","00260",1,4,17,18,19,5,0,10025734000,1,10000000,8,5000000,62,500000,224,100000,2149,30000,19180,10000,2,3,0,0,Y,L,LL,2,"2,3","17-19",2,,2,0,0,0,,59,"2300",11,LCLCL,14,16,20,,"3",1,26,"138 (00122: 1-4-17-18-28)",4,false,false,false,2026-05-11 13:11:22.813 +0700
T4,2025-11-05,"1","00259",6,11,25,33,35,10,0,9240188500,1,10000000,3,5000000,71,500000,144,100000,1826,30000,10576,10000,1,1,1,2,Z,C,CL,1,,"11",1,"11,33",0,1,0,0,"52",110,"1112",9,CLLLL,74,4,20,,"3",1,25,"3 (00256: 6-25-27-32-35)",3,false,false,false,2026-05-11 13:11:22.814 +0700
T3,2025-11-04,"2","00258",7,20,28,29,31,6,0,8966217500,1,10000000,4,5000000,80,500000,228,100000,2328,30000,18656,10000,1,0,3,1,Y,C,LL,2,"1","7-29-31",3,,1,2,1,1,,115,"1031",,LCCLL,21,10,20,,"3",1,24,"43 (00215: 7-12-14-20-28)",3,false,false,false,2026-05-11 13:11:22.816 +0700
T3,2025-11-04,"1","00257",6,7,8,21,34,1,0,8827922500,0,10000000,3,5000000,45,500000,99,100000,1814,30000,7420,10000,3,0,1,1,X,L,CC,3,"1","7",1,,2,1,1,1,,76,"3011",54,CLCLC,13,13,20,,"3",1,23,"7 (00250: 6-14-21-34-35)",3,false,false,false,2026-05-11 13:11:22.817 +0700
T2,2025-11-03,"2","00256",6,25,27,32,35,3,0,8659042500,0,10000000,8,5000000,65,500000,203,100000,2349,30000,18948,10000,1,0,2,2,X,L,CL,2,"1",,0,,0,1,1,0,"52",125,"1022",16,CLLCL,72,15,20,,"3",1,22,"150 (00106: 3-6-18-25-35)",3,false,false,false,2026-05-11 13:11:22.819 +0700
T2,2025-11-03,"1","00255",4,6,11,20,33,1,0,8455030000,0,10000000,5,5000000,61,500000,110,100000,1791,30000,7118,10000,2,1,1,1,X,L,CL,3,,"11",1,"11,33",0,0,0,1,,74,"2111",2,CCLCL,5,12,20,,"3",1,21,"4 (00251: 6-11-14-20-30)",3,false,false,false,2026-05-11 13:11:22.820 +0700
CN,2025-11-02,"2","00254",13,29,30,32,35,4,0,8307100000,0,10000000,9,5000000,55,500000,159,100000,1856,30000,14872,10000,0,1,1,3,X,C,LL,2,"0","13-29",2,,1,1,1,0,,139,"0113",177,LLCCL,35,31,20,"13,29","13,29",2,20,"230 (00024: 9-24-29-32-35)",3,false,false,false,2026-05-11 13:11:22.821 +0700
CN,2025-11-02,"1","00253",4,8,14,24,32,1,0,8148722500,1,10000000,2,5000000,57,500000,95,100000,1533,30000,6756,10000,2,1,1,1,X,L,CC,5,,,0,,0,0,1,1,"43",82,"2111",1,CCCCC,29,12,20,,"13,29",2,19,"36 (00217: 1-4-14-15-32)",3,false,false,false,2026-05-11 13:11:22.825 +0700
T7,2025-11-01,"2","00252",2,4,18,26,31,11,0,8011342500,0,10000000,2,5000000,54,500000,184,100000,1902,30000,15413,10000,2,1,1,1,Z,L,CL,4,,"2-31",2,,0,0,0,1,,81,"2111",28,CCCCL,185,17,20,,"13,29",2,18,"84 (00168: 3-4-8-18-31)",3,false,false,false,2026-05-11 13:11:22.826 +0700
T7,2025-11-01,"1","00251",6,11,14,20,30,9,0,7847582500,0,10000000,6,5000000,51,500000,174,100000,1403,30000,12846,10000,1,2,1,1,Z,L,CC,4,,"11",1,"11",0,1,2,0,"02",81,"1211",42,CLCCC,9,11,20,,"13,29",2,17,"18 (00233: 6-10-11-12-30)",3,false,false,false,2026-05-11 13:11:22.827 +0700
T6,2025-10-31,"2","00250",6,14,21,34,35,5,0,7794100000,0,10000000,4,5000000,55,500000,161,100000,2003,30000,14614,10000,1,1,1,2,Y,L,CL,3,,,0,,1,1,0,1,"42",110,"1112",19,CCLCL,12,14,20,,"13,29",2,16,"206 (00044: 21-28-31-34-35)",3,false,false,false,2026-05-11 13:11:22.828 +0700
T6,2025-10-31,"1","00249",5,8,15,17,18,10,0,7622412500,0,10000000,5,5000000,55,500000,145,100000,1734,30000,10748,10000,2,3,0,0,Z,C,LC,2,"2,3","5-17",2,,1,1,0,0,"52,82",63,"2300",43,LCLLC,2,13,20,,"13,29",2,15,"74 (00175: 8-11-15-18-28)",3,false,false,false,2026-05-11 13:11:22.829 +0700
T5,2025-10-30,"2","00248",9,11,12,24,28,7,0,7529555000,1,10000000,10,5000000,82,500000,282,100000,2639,30000,17751,10000,1,2,2,0,Y,L,LC,3,"3","11",1,"11",1,0,1,3,,84,"1220",16,LLCCC,40,10,20,,"13,29",2,14,"225 (00023: 11-17-24-28-30)",3,false,false,false,2026-05-11 13:11:22.830 +0700
T5,2025-10-30,"1","00247",11,20,23,27,34,5,0,7466555000,0,10000000,4,5000000,67,500000,213,100000,1642,30000,11486,10000,0,1,3,1,Y,L,LC,2,"0","11-23",2,"11",0,1,1,0,,115,"0131",56,LCLLC,31,17,20,,"13",1,13,"25 (00222: 20-23-25-28-34)",3,false,false,false,2026-05-11 13:11:22.832 +0700
T4,2025-10-29,"2","00246",15,18,31,34,35,3,0,7393285000,0,10000000,3,5000000,68,500000,179,100000,2281,30000,13550,10000,0,2,0,3,X,L,LL,2,"0,2","31",1,,1,0,0,1,"52",133,"0203",,LCLCL,21,25,20,"18","13,18",2,12,"25 (00221: 18-25-26-34-35)",3,false,false,false,2026-05-11 13:11:22.833 +0700
T4,2025-10-29,"1","00245",1,8,17,20,24,1,0,7200662500,0,10000000,5,5000000,65,500000,103,100000,1784,30000,7635,10000,2,1,2,0,X,L,LC,3,"3","17",1,,0,0,0,2,,70,"2120",22,LCLCC,71,8,20,,"13,18",2,11,"219 (00026: 1-5-8-20-24)",4,false,false,false,2026-05-11 13:11:22.834 +0700
T3,2025-10-28,"2","00244",6,7,10,19,22,12,0,7063642500,1,10000000,9,5000000,90,500000,218,100000,2674,30000,13626,10000,2,2,1,0,Z,C,CC,3,"3","7-19",2,"22",1,0,1,0,,64,"2210",9,CLCLC,18,11,20,,"13,18",2,10,"226 (00018: 6-7-10-22-34)",4,false,false,false,2026-05-11 13:11:22.836 +0700
T3,2025-10-28,"1","00243",10,14,28,33,34,7,0,6956197500,0,10000000,8,5000000,49,500000,217,100000,1514,30000,12477,10000,0,2,1,2,Y,L,CC,4,"0",,0,"33",1,1,1,0,"42",119,"0212",16,CCCLC,117,7,20,,"18",1,9,"31 (00212: 8-15-28-33-34)",3,false,false,true,2026-05-11 13:11:22.837 +0700
T2,2025-10-27,"2","00242",16,17,20,24,34,3,0,6904722500,1,10000000,5,5000000,76,500000,168,100000,2612,30000,15586,10000,0,2,2,1,X,L,CC,4,"0","17",1,,1,1,0,0,"42",111,"0221",4,CLCCC,31,18,20,,"18",1,8,"68 (00174: 9-16-17-20-24)",4,false,false,false,2026-05-11 13:11:22.839 +0700
T2,2025-10-27,"1","00241",8,9,25,26,32,6,0,6730805000,0,10000000,6,5000000,64,500000,191,100000,1726,30000,11246,10000,2,0,2,1,Y,C,CC,3,"1",,0,,2,2,1,0,,100,"2021",7,CLLCC,19,22,20,"9","9",1,7,"27 (00214: 16-19-25-26-32)",3,false,false,false,2026-05-11 13:11:22.840 +0700
CN,2025-10-26,"2","00240",4,26,27,30,34,2,0,6656785000,1,10000000,5,5000000,70,500000,167,100000,1915,30000,11537,10000,1,0,2,2,X,C,CC,4,"1",,0,,1,1,0,0,"42",121,"1022",50,CCLCC,7,45,20,"27","9,27",2,6,"22 (00218: 2-4-21-30-34)",3,false,false,true,2026-05-11 13:11:22.841 +0700
CN,2025-10-26,"1","00239",17,22,24,31,32,1,0,6504850000,0,10000000,4,5000000,39,500000,82,100000,1370,30000,6328,10000,0,1,2,2,X,L,LC,3,"0","17-31",2,"22",1,1,1,1,"22",126,"0122",18,LCCLC,10,12,20,,"27",1,5,"153 (00086: 22-24-28-31-34)",3,false,false,false,2026-05-11 13:11:22.842 +0700
T7,2025-10-25,"2","00238",12,14,25,28,31,5,0,6371455000,0,10000000,12,5000000,60,500000,178,100000,1943,30000,13836,10000,0,2,2,1,Y,L,CL,3,"0","31",1,,0,0,2,0,,110,"0221",18,CCLCL,10,14,20,,"27",1,4,"23 (00215: 7-12-14-20-28)",3,false,false,true,2026-05-11 13:11:22.843 +0700
T7,2025-10-25,"1","00237",1,10,14,19,25,4,0,6294510000,0,10000000,0,5000000,45,500000,92,100000,1485,30000,7936,10000,1,3,1,0,X,C,LL,2,"3","19",1,,0,1,0,0,,69,"1310",61,LCCLL,7,10,20,,"27",1,3,"180 (00057: 1-14-19-25-27)",4,false,false,true,2026-05-11 13:11:22.844 +0700
T6,2025-10-24,"2","00236",5,11,21,22,33,11,0,6184882500,2,10000000,9,5000000,76,500000,199,100000,2032,30000,13263,10000,1,1,2,1,Z,L,LL,1,,"5-11",2,"11,22,33",1,0,1,2,"12",92,"1121",8,LLLCL,54,28,20,"5","5,27",2,2,"42 (00194: 1-11-22-31-33)",3,false,false,false,2026-05-11 13:11:22.844 +0700
T6,2025-10-24,"1","00235",2,4,11,15,20,6,0,6099360000,1,10000000,1,5000000,47,500000,122,100000,1325,30000,8360,10000,2,2,1,0,Y,C,CC,3,"3","2-11",2,"11",0,1,0,1,,52,"2210",109,CCLLC,26,11,20,,"5,27",2,1,"39 (00196: 2-11-20-26-28)",3,false,false,false,2026-05-11 13:11:22.845 +0700
T5,2025-10-23,"2","00234",3,7,24,25,34,6,1,6212977500,0,10000000,3,5000000,63,500000,197,100000,1912,30000,12922,10000,2,0,2,1,Y,C,LC,2,"1","3-7",2,,1,0,0,1,"42",93,"2021",62,LLCLC,28,6,20,,"5,27",2,0,"29 (00205: 7-21-24-25-28)",3,true,false,false,2026-05-11 13:11:22.846 +0700
T4,2025-10-22,"2","00232",6,11,15,25,26,6,1,14041412000,0,10000000,34,5000000,181,500000,472,100000,5306,30000,33023,10000,1,2,2,0,Y,C,CC,2,"3","11",1,"11",1,2,0,0,"52,62",83,"1220",17,CLLLC,12,33,20,"11","5,11,27",3,0,"47 (00185: 6-15-17-23-25)",3,true,false,false,2026-05-11 13:11:22.848 +0700
T4,2025-10-22,"1","00231",7,12,20,32,34,7,0,12725009500,1,10000000,5,5000000,89,500000,245,100000,2501,30000,19048,10000,1,1,1,2,Y,L,LC,4,,"7",1,,0,1,1,0,"22",105,"1112",2,LCCCC,16,5,20,,"5,11,27",3,22,"16 (00215: 7-12-14-20-28)",3,false,false,false,2026-05-11 13:11:22.849 +0700
T3,2025-10-21,"2","00230",3,14,20,21,23,1,0,11996384000,2,10000000,6,5000000,103,500000,194,100000,2976,30000,14617,10000,1,1,3,0,X,L,LL,2,"3","3-23",2,,1,0,2,1,"32",81,"1130",14,LCCLL,30,23,20,"3","3,5,11,27",4,21,"63 (00167: 3-14-20-23-35)",4,false,false,true,2026-05-11 13:11:22.850 +0700
T3,2025-10-21,"1","00229",1,14,20,31,32,3,0,11074011500,0,10000000,8,5000000,56,500000,135,100000,1621,30000,11593,10000,1,1,1,2,X,L,LC,3,,"31",1,,1,2,0,0,"12",98,"1112",4,LCCLC,12,12,20,,"3,5,11,27",4,20,"12 (00217: 1-4-14-15-32)",3,false,false,false,2026-05-11 13:11:22.851 +0700
T2,2025-10-20,"2","00228",2,12,21,24,35,2,0,10435407500,1,10000000,8,5000000,72,500000,236,100000,2428,30000,18746,10000,1,1,2,1,X,C,CL,3,,"2",1,,0,0,1,0,"22",94,"1121",28,CCLCL,5,8,20,,"3,11,27",3,19,"3 (00225: 7-12-23-30-35)",2,false,false,false,2026-05-11 13:11:22.852 +0700
T2,2025-10-20,"1","00227",17,19,29,31,35,11,0,9517988500,0,10000000,4,5000000,48,500000,139,100000,1656,30000,10756,10000,0,2,1,2,Z,L,LL,0,"0","17-19-29-31",4,,0,0,0,1,"92",131,"0212",23,LLLLL,25,20,20,,"11,27",2,18,"7 (00220: 10-19-21-29-32)",2,false,false,false,2026-05-11 13:11:22.853 +0700
CN,2025-10-19,"2","00226",2,7,22,33,34,5,0,8956055500,0,10000000,6,5000000,64,500000,166,100000,1603,30000,13129,10000,2,0,1,2,Y,L,CC,3,"1","2-7",2,"22,33",1,2,1,0,"22",98,"2012",8,CLCLC,13,15,20,,"11,27",2,17,"13 (00213: 2-17-32-33-34)",3,false,false,false,2026-05-11 13:11:22.854 +0700
CN,2025-10-19,"1","00225",7,12,23,30,35,4,0,8445383000,0,10000000,3,5000000,51,500000,99,100000,1417,30000,8894,10000,1,1,1,2,X,C,LL,2,,"7-23",2,,0,0,1,0,,107,"1112",13,LCLCL,15,10,20,,"11,27",2,16,"170 (00055: 1-7-12-16-23)",3,false,false,false,2026-05-11 13:11:22.855 +0700
T7,2025-10-18,"2","00224",2,4,16,28,30,6,0,7985399500,1,10000000,8,5000000,75,500000,202,100000,1952,30000,15077,10000,2,1,1,1,Y,C,CC,5,,"2",1,,0,0,0,0,,80,"2111",32,CCCCC,120,10,20,,"11,27",2,15,"6 (00218: 2-4-21-30-34)",3,false,false,false,2026-05-11 13:11:22.855 +0700
T7,2025-10-18,"1","00223",6,8,13,24,25,3,0,7507057500,3,10000000,1,5000000,73,500000,131,100000,1665,30000,9512,10000,2,1,2,0,X,L,CL,3,"3","13",1,,1,1,1,1,,76,"2120",4,CCLCL,22,30,20,"6","6,11,27",3,14,"134 (00089: 8-17-24-25-33)",3,false,false,false,2026-05-11 13:11:22.856 +0700
T6,2025-10-17,"2","00222",20,23,25,28,34,7,0,7431355000,2,10000000,8,5000000,95,500000,243,100000,2102,30000,13419,10000,0,0,4,1,Y,L,CC,3,"0,1","23",1,,0,2,2,0,,130,"0041",80,CLLCC,8,7,20,,"6,11,27",3,13,"112 (00110: 16-20-23-28-31)",3,false,false,false,2026-05-11 13:11:22.857 +0700
T6,2025-10-17,"1","00221",18,25,26,34,35,7,0,7353852500,0,10000000,2,5000000,35,500000,165,100000,1487,30000,12488,10000,0,1,2,2,Y,L,CL,3,"0",,0,,2,1,0,0,"52",138,"0122",41,CLCCL,24,29,20,"35","6,11,27,35",4,12,"103 (00118: 7-11-26-34-35)",3,false,false,false,2026-05-11 13:11:22.858 +0700
T5,2025-10-16,"2","00220",10,19,21,29,32,4,0,7271145000,0,10000000,6,5000000,77,500000,189,100000,2278,30000,12755,10000,0,2,2,1,X,C,CC,2,"0","19-29",2,,0,1,0,2,"92",111,"0221",6,CLLLC,104,13,20,,"6,11,27,35",4,11,"11 (00209: 2-18-19-29-32)",3,false,false,false,2026-05-11 13:11:22.859 +0700
T5,2025-10-16,"1","00219",1,9,12,20,23,1,0,7132435000,0,10000000,10,5000000,41,500000,133,100000,1567,30000,8392,10000,2,1,2,0,X,L,LL,2,"3","23",1,,0,2,0,0,,65,"2120",11,LLCCL,78,20,20,,"6,27,35",3,10,"58 (00161: 1-12-14-19-20)",3,false,false,false,2026-05-11 13:11:22.859 +0700
T4,2025-10-15,"2","00218",2,4,21,30,34,11,0,7031675000,1,10000000,6,5000000,32,500000,143,100000,1545,30000,11494,10000,2,0,1,2,Z,L,CC,4,"1","2",1,,0,0,1,1,"42",91,"2012",21,CCLCC,66,17,20,,"6,27,35",3,9,"5 (00213: 2-17-32-33-34)",2,false,false,false,2026-05-11 13:11:22.860 +0700
T4,2025-10-15,"1","00217",1,4,14,15,32,8,0,6864490000,0,10000000,5,5000000,47,500000,147,100000,1235,30000,13145,10000,2,2,0,1,Y,C,LC,3,"2",,0,,1,0,1,0,"42",66,"2201",28,LCCLC,19,18,20,,"6,27,35",3,8,"55 (00162: 1-13-14-15-21)",3,false,false,true,2026-05-11 13:11:22.861 +0700
T3,2025-10-14,"2","00216",1,18,21,23,26,11,0,6799122500,0,10000000,5,5000000,49,500000,127,100000,1714,30000,12084,10000,1,1,3,0,Z,L,LC,2,"3","23",1,,0,0,0,1,"12",89,"1130",5,LCLLC,40,8,20,,"6,27,35",3,7,"21 (00195: 21-23-26-27-28)",3,false,false,false,2026-05-11 13:11:22.862 +0700
T3,2025-10-14,"1","00215",7,12,14,20,28,4,0,6620247500,1,10000000,5,5000000,68,500000,134,100000,1722,30000,8397,10000,1,2,2,0,X,C,LC,4,"3","7",1,,0,0,0,1,,81,"1220",13,LCCCC,117,36,20,"12","6,12,35",3,6,"54 (00161: 1-12-14-19-20)",3,false,false,true,2026-05-11 13:11:22.862 +0700
T2,2025-10-13,"2","00214",16,19,25,26,32,11,0,6543550000,0,10000000,14,5000000,94,500000,193,100000,2493,30000,13544,10000,0,2,2,1,Z,L,CC,3,"0","19",1,,1,2,1,0,"62",118,"0221",16,CLLCC,39,9,20,,"6,12,35",3,5,"130 (00084: 9-16-17-26-32)",3,false,false,false,2026-05-11 13:11:22.863 +0700
T2,2025-10-13,"1","00213",2,17,32,33,34,3,0,6408260000,0,10000000,0,5000000,57,500000,148,100000,1514,30000,10131,10000,1,1,0,3,X,L,CC,3,"2","2-17",2,"33",2,2,2,1,"22",118,"1103",,CLCLC,1,12,20,,"12,35",2,4,"12 (00201: 2-16-17-30-33)",3,false,false,false,2026-05-11 13:11:22.864 +0700
CN,2025-10-12,"2","00212",8,15,28,33,34,9,0,6275262500,0,10000000,8,5000000,72,500000,219,100000,1912,30000,17051,10000,1,1,1,2,Z,L,CC,3,,,0,"33",1,0,3,0,"82",118,"1112",18,CLCLC,8,11,20,,"12",1,3,"1 (00211: 8-15-22-26-28)",3,false,false,false,2026-05-11 13:11:22.865 +0700
CN,2025-10-12,"1","00211",8,15,22,26,28,11,0,6243862500,0,10000000,1,5000000,43,500000,109,100000,1230,30000,7437,10000,1,1,3,0,Z,L,CC,4,"3",,0,"22",0,2,1,1,"82",99,"1130",15,CLCCC,15,22,20,"15","12,15",2,2,"36 (00175: 8-11-15-18-28)",3,false,false,false,2026-05-11 13:11:22.866 +0700
T7,2025-10-11,"2","00210",13,16,21,22,23,4,0,6140130000,1,10000000,4,5000000,47,500000,147,100000,1592,30000,10317,10000,0,2,3,0,X,C,LL,2,"0,3","13-23",2,"22",2,0,0,0,"32",95,"0230",44,LCLCL,3,8,20,,"12,15",2,1,"41 (00169: 5-13-15-22-23)",3,false,false,false,2026-05-11 13:11:22.867 +0700
T7,2025-10-11,"1","00209",2,18,19,29,32,7,1,10208253500,0,10000000,6,5000000,69,500000,194,100000,1886,30000,14073,10000,1,2,1,1,Y,L,CC,3,,"2-19-29",3,,1,0,0,1,"22,92",100,"1211",2,CCLLC,19,22,20,"29","12,29",2,0,"28 (00181: 6-18-19-21-23)",2,true,false,false,2026-05-11 13:11:22.868 +0700
T6,2025-10-10,"2","00208",1,5,16,22,26,4,0,9668022000,0,10000000,7,5000000,64,500000,157,100000,1917,30000,14745,10000,2,1,2,0,X,C,LC,3,"3","5",1,"22",0,0,0,0,"62",70,"2120",31,LLCCC,5,21,20,"5","5,12,29",3,84,"147 (00061: 1-5-16-28-29)",3,false,false,false,2026-05-11 13:11:22.869 +0700
T6,2025-10-10,"1","00207",3,10,13,24,31,10,0,8903829000,0,10000000,7,5000000,75,500000,167,100000,1703,30000,12064,10000,1,2,1,1,Z,C,LL,2,,"3-13-31",3,,0,1,3,0,"32",81,"1211",68,LCLCL,19,3,20,,"12",1,83,"1 (00206: 3-7-10-13-14)",3,false,false,true,2026-05-11 13:11:22.870 +0700
T5,2025-10-09,"2","00206",3,7,10,13,14,8,0,8389429500,1,10000000,11,5000000,61,500000,236,100000,2252,30000,18959,10000,2,3,0,0,Y,C,LC,2,"2,3","3-7-13",3,,1,0,1,0,"32",47,"2300",65,LLCLC,1,14,20,,"12",1,82,"46 (00160: 3-10-13-22-28)",3,false,false,false,2026-05-11 13:11:22.870 +0700
T5,2025-10-09,"1","00205",7,21,24,25,28,3,0,7841725000,0,10000000,3,5000000,37,500000,167,100000,1610,30000,10748,10000,1,0,4,0,X,L,LC,2,"1,3","7",1,,1,0,1,0,,105,"1040",160,LLCLC,10,15,20,,"12",1,81,"53 (00152: 2-6-7-24-28)",3,false,false,false,2026-05-11 13:11:22.871 +0700
T4,2025-10-08,"2","00204",10,13,28,31,34,12,0,7713827500,1,10000000,5,5000000,60,500000,151,100000,2034,30000,10733,10000,0,2,1,2,Z,C,CC,3,"0","13-31",2,,0,0,2,0,,116,"0212",144,CLCLC,21,11,20,,"12",1,80,"20 (00184: 10-31-33-34-35)",3,false,false,false,2026-05-11 13:11:22.872 +0700
T4,2025-10-08,"1","00203",1,7,8,28,34,11,0,7522827500,0,10000000,2,5000000,49,500000,124,100000,1432,30000,9634,10000,3,0,1,1,Z,L,LC,3,"1","7",1,,1,0,0,0,"82",78,"3011",181,LLCCC,26,9,20,,"12",1,79,"118 (00085: 8-16-18-28-34)",3,false,false,true,2026-05-11 13:11:22.873 +0700
T3,2025-10-07,"2","00202",3,13,19,23,25,12,0,7381125000,2,10000000,2,5000000,102,500000,183,100000,2821,30000,11896,10000,1,2,2,0,Z,C,LL,0,"3","3-13-19-23",4,,0,0,0,1,"33",83,"1220",17,LLLLL,56,17,20,,"12",1,78,"188 (00014: 3-13-19-25-29)",4,false,false,false,2026-05-11 13:11:22.874 +0700
T3,2025-10-07,"1","00201",2,16,17,30,33,7,0,7210802500,0,10000000,5,5000000,48,500000,157,100000,1353,30000,14431,10000,1,2,0,2,Y,L,CL,3,"2","2-17",2,"33",1,1,1,0,,98,"1202",149,CCLCL,45,18,20,,"12",1,77,"120 (00081: 2-15-22-30-33)",3,false,false,false,2026-05-11 13:11:22.874 +0700
T2,2025-10-06,"2","00200",7,18,22,23,33,10,0,7125885000,1,10000000,9,5000000,88,500000,207,100000,2701,30000,16858,10000,1,1,2,1,Z,C,LL,2,,"7-23",2,"22,33",1,0,0,1,"32",103,"1121",33,LCCLL,9,7,20,,"12",1,76,"149 (00051: 7-8-18-22-33)",4,false,false,false,2026-05-11 13:11:22.875 +0700
T2,2025-10-06,"1","00199",3,4,9,11,21,5,0,6960505000,0,10000000,1,5000000,51,500000,162,100000,1730,30000,11948,10000,3,1,1,0,Y,L,LL,1,"3","3-11",2,"11",1,0,1,1,"12",48,"3110",66,LCLLL,13,16,20,,,0,75,"17 (00182: 3-9-21-22-25)",3,false,false,false,2026-05-11 13:11:22.876 +0700
CN,2025-10-05,"2","00198",17,18,20,21,34,12,0,6827927500,0,10000000,3,5000000,65,500000,146,100000,1978,30000,10347,10000,0,2,2,1,Z,C,LC,3,"0","17",1,,2,1,0,1,,110,"0221",12,LCCLC,37,13,20,,,0,74,"47 (00151: 15-17-19-20-34)",3,false,false,false,2026-05-11 13:11:22.877 +0700
CN,2025-10-05,"1","00197",8,9,22,32,33,12,0,6640032500,0,10000000,2,5000000,52,500000,115,100000,1430,30000,8584,10000,2,0,1,2,Z,C,CL,3,"1",,0,"22,33",2,0,0,0,"22",104,"2012",57,CLCCL,4,39,20,"32","32",1,73,"88 (00109: 8-9-32-33-34)",4,false,false,false,2026-05-11 13:11:22.877 +0700
T7,2025-10-04,"2","00196",2,11,20,26,28,4,0,6531615000,0,10000000,4,5000000,53,500000,170,100000,1880,30000,13215,10000,1,1,3,0,X,C,CC,4,"3","2-11",2,"11",0,2,2,1,,87,"1130",18,CLCCC,76,8,20,,"32",1,72,"113 (00083: 2-15-20-24-28)",3,false,false,false,2026-05-11 13:11:22.878 +0700
T7,2025-10-04,"1","00195",21,23,26,27,28,6,0,6370705000,0,10000000,4,5000000,34,500000,150,100000,1360,30000,10015,10000,0,0,5,0,Y,C,LC,2,"0,1,3","23",1,,2,1,0,1,,125,"0050",,LLCLC,42,15,20,,"32",1,71,"103 (00092: 13-18-23-26-27)",3,false,false,false,2026-05-11 13:11:22.879 +0700
T6,2025-10-03,"2","00194",1,11,22,31,33,10,0,6269355000,1,10000000,6,5000000,58,500000,190,100000,1677,30000,12630,10000,1,1,1,2,Z,C,LL,1,,"11-31",2,"11,22,33",0,0,1,1,"13",98,"1112",23,LLCLL,7,19,20,,"32",1,70,"39 (00155: 1-6-7-11-31)",3,false,false,false,2026-05-11 13:11:22.880 +0700
T6,2025-10-03,"1","00193",6,7,8,10,33,1,0,6141712500,1,10000000,4,5000000,47,500000,106,100000,1690,30000,7992,10000,3,1,0,1,X,L,CL,3,"2","7",1,"33",2,2,1,1,,64,"3101",25,CLCCL,112,10,20,,"32",1,69,"142 (00051: 7-8-18-22-33)",3,false,false,false,2026-05-11 13:11:22.881 +0700
T5,2025-10-02,"2","00192",8,9,14,27,35,11,-1,22074343000,2,3718591500,45,86755000,663,6045000,1563,2450000,20736,205000,135834,10000,2,1,1,1,Z,L,CL,2,,,0,,1,0,1,1,,93,"2111",58,CLCLL,3,5,20,,"32",1,68,"3 (00189: 2-9-14-15-35)",3,false,true,false,2026-05-11 13:11:22.882 +0700
T5,2025-10-02,"1","00191",19,22,26,27,33,5,0,14958430500,0,10000000,3,5000000,136,500000,294,100000,3876,30000,25733,10000,0,1,3,1,Y,L,LL,2,"0","19",1,"22,33",1,2,2,0,,127,"0131",74,LCCLL,21,20,20,,"32",1,67,"38 (00153: 3-19-26-33-34)",3,false,false,false,2026-05-11 13:11:22.883 +0700
T4,2025-10-01,"2","00190",6,24,27,33,34,8,0,13807728500,1,10000000,18,5000000,143,500000,398,100000,4731,30000,31024,10000,1,0,2,2,Y,C,CC,3,"1",,0,"33",1,1,0,0,"42",124,"1022",61,CCLLC,11,16,20,,"32",1,66,"95 (00095: 5-6-27-33-34)",4,false,false,false,2026-05-11 13:11:22.885 +0700
T4,2025-10-01,"1","00189",2,9,14,15,35,8,0,12405921000,0,10000000,4,5000000,53,500000,234,100000,2183,30000,18722,10000,2,2,0,1,Y,C,CL,2,"2","2",1,,1,1,0,1,"52",75,"2201",6,CLCLL,9,16,20,,"32",1,65,"146 (00043: 9-14-28-33-35)",3,false,false,false,2026-05-11 13:11:22.885 +0700
T3,2025-09-30,"2","00188",13,16,19,20,31,11,0,11722212500,0,10000000,12,5000000,112,500000,231,100000,2871,30000,15555,10000,0,3,1,1,Z,L,LL,2,"0","13-19-31",3,,1,0,0,0,,99,"0311",37,LCLCL,10,14,20,,"32",1,64,"78 (00110: 16-20-23-28-31)",3,false,false,false,2026-05-11 13:11:22.887 +0700
T3,2025-09-30,"1","00187",3,5,8,23,29,1,0,10910625500,0,10000000,5,5000000,51,500000,126,100000,1967,30000,9033,10000,3,0,2,0,X,L,LL,1,"1,3","3-5-23-29",4,,0,0,0,0,"32",68,"3020",35,LLCLL,25,17,20,,"32",1,63,"17 (00170: 3-12-20-21-29)",2,false,false,false,2026-05-11 13:11:22.890 +0700
T2,2025-09-29,"2","00186",15,18,21,27,33,6,0,10312860500,1,10000000,7,5000000,76,500000,251,100000,2847,30000,19378,10000,0,2,2,1,Y,C,LL,1,"0",,0,"33",0,0,1,1,,114,"0221",28,LCLLL,31,8,20,,"32",1,62,"40 (00146: 11-15-19-27-33)",3,false,false,false,2026-05-11 13:11:22.891 +0700
T2,2025-09-29,"1","00185",6,15,17,23,25,5,0,9481268000,0,10000000,9,5000000,70,500000,173,100000,1833,30000,11820,10000,1,2,2,0,Y,L,CL,1,"3","17-23",2,,0,0,0,0,"52",86,"1220",4,CLLLL,98,6,20,,"32",1,61,"47 (00138: 6-15-17-20-30)",3,false,false,false,2026-05-11 13:11:22.892 +0700
CN,2025-09-28,"2","00184",10,31,33,34,35,10,0,8969768000,0,10000000,6,5000000,52,500000,140,100000,1757,30000,15111,10000,0,1,0,4,Z,C,CL,2,"0,2","31",1,"33",2,0,1,1,,143,"0104",,CLLCL,49,17,20,,"32",1,60,"4 (00180: 10-21-28-31-33)",3,false,false,false,2026-05-11 13:11:22.892 +0700
T6,2025-09-26,"1","00179",10,12,15,17,22,8,0,7120507500,0,10000000,3,5000000,58,500000,139,100000,1602,30000,10679,10000,0,4,1,0,Y,C,CC,3,"0,3","17",1,"22",0,0,1,2,"22",76,"0410",,CCLLC,65,6,20,,"7,32,33",3,55,"48 (00131: 1-10-12-22-31)",3,false,false,false,2026-05-11 13:11:22.899 +0700
T5,2025-09-25,"2","00178",5,14,21,22,27,8,0,7005472500,0,10000000,7,5000000,72,500000,222,100000,1861,30000,16099,10000,1,1,3,0,Y,C,LL,2,"3","5",1,"22",1,2,2,0,,89,"1130",8,LCLCL,5,13,20,,"7,33",2,54,"1 (00177: 1-3-14-22-28)",2,false,false,false,2026-05-11 13:11:22.900 +0700
T5,2025-09-25,"1","00177",1,3,14,22,28,6,0,6885992500,1,10000000,6,5000000,40,500000,109,100000,1267,30000,10325,10000,2,1,2,0,Y,C,LC,3,"3","3",1,"22",0,0,2,1,,68,"2120",62,LLCCC,6,10,20,,"7,33",2,53,"17 (00160: 3-10-13-22-28)",3,false,false,false,2026-05-11 13:11:22.901 +0700
T4,2025-09-24,"2","00176",3,12,13,19,28,2,0,6792965000,0,10000000,6,5000000,69,500000,152,100000,2337,30000,10897,10000,1,3,1,0,X,C,LC,2,"3","3-13-19",3,,1,0,1,2,"32",75,"1310",1,LCLLC,43,15,20,,"7,33",2,52,"16 (00160: 3-10-13-22-28)",3,false,false,false,2026-05-11 13:11:22.902 +0700
T4,2025-09-24,"1","00175",8,11,15,18,28,2,0,6636237500,0,10000000,5,5000000,60,500000,112,100000,1901,30000,8627,10000,1,3,1,0,X,C,CC,3,"3","11",1,"11",0,2,0,1,"83",80,"1310",13,CLLCC,10,15,20,,"33",1,51,"90 (00085: 8-16-18-28-34)",3,false,false,false,2026-05-11 13:11:22.903 +0700
T3,2025-09-23,"2","00174",9,16,17,20,24,8,0,6536547500,0,10000000,7,5000000,70,500000,282,100000,2062,30000,17382,10000,1,2,2,0,Y,C,LC,3,"3","17",1,,1,1,0,0,,86,"1220",5,LCLCC,14,15,20,,"33",1,50,"90 (00084: 9-16-17-26-32)",3,false,false,false,2026-05-11 13:11:22.903 +0700
T3,2025-09-23,"1","00173",1,2,3,10,11,4,0,6449487500,2,10000000,3,5000000,56,500000,95,100000,1347,30000,8732,10000,3,2,0,0,X,C,LL,2,"2,3","2-3-11",3,"11",3,0,0,1,"12",27,"3200",,LCLCL,23,19,20,,,0,49,"32 (00141: 1-3-10-14-15)",3,false,false,false,2026-05-11 13:11:22.904 +0700
T2,2025-09-22,"2","00172",6,9,20,25,31,7,0,6343660000,0,10000000,17,5000000,112,500000,306,100000,2938,30000,18210,10000,2,0,2,1,Y,L,CL,2,"1","31",1,,0,1,0,2,,91,"2021",18,CLCLL,24,39,20,"9","9",1,48,"6 (00166: 11-18-20-24-25)",2,false,false,false,2026-05-11 13:11:22.905 +0700
T2,2025-09-22,"1","00171",5,15,26,30,34,5,0,6274105000,0,10000000,12,5000000,63,500000,175,100000,1694,30000,9783,10000,1,1,1,2,Y,L,LC,3,,"5",1,,0,0,0,1,"52",110,"1112",18,LLCCC,143,18,20,,"9",1,47,"158 (00013: 5-14-15-23-34)",3,false,false,false,2026-05-11 13:11:22.907 +0700
CN,2025-09-21,"2","00170",3,12,20,21,29,5,0,6197992500,0,10000000,6,5000000,89,500000,246,100000,1963,30000,16487,10000,1,1,3,0,Y,L,LL,2,"3","3-29",2,,1,2,0,0,,85,"1130",87,LCCLL,3,9,20,,"9",1,46,"108 (00062: 20-21-29-31-33)",3,false,false,true,2026-05-11 13:11:22.909 +0700
CN,2025-09-21,"1","00169",5,13,15,22,23,4,0,6120052500,0,10000000,6,5000000,44,500000,157,100000,1659,30000,9508,10000,1,2,2,0,X,C,LL,1,"3","5-13-23",3,"22",1,0,0,1,"32,52",78,"1220",5,LLLCL,29,29,20,"5","5,9",2,45,"95 (00074: 5-13-23-25-33)",3,false,false,false,2026-05-11 13:11:22.910 +0700
T7,2025-09-20,"2","00168",3,4,8,18,31,7,-1,18552573500,5,1250507700,55,61215000,448,7400000,1620,2005000,14671,240000,135225,10000,3,1,0,1,Y,L,LL,3,"2","3-31",2,,1,0,1,1,"82",64,"3101",13,LCCCL,2,20,20,,"5,9",2,44,"131 (00037: 1-4-8-18-29)",3,false,true,false,2026-05-11 13:11:22.911 +0700
T7,2025-09-20,"1","00167",3,14,20,23,35,6,0,13448056500,0,10000000,11,5000000,96,500000,273,100000,2925,30000,22160,10000,1,1,2,1,Y,C,LL,2,,"3-23",2,,0,1,1,0,"32",95,"1121",39,LCCLL,30,30,20,"35","5,9,35",3,43,"30 (00137: 1-4-20-23-35)",3,false,false,true,2026-05-11 13:11:22.912 +0700
T6,2025-09-19,"2","00166",11,18,20,24,25,8,0,12444176500,1,10000000,21,5000000,136,500000,404,100000,3672,30000,22200,10000,0,2,3,0,Y,C,LL,3,"0,3","11",1,"11",1,0,0,1,,98,"0230",31,LCCCL,35,22,20,"18","5,9,18,35",4,42,"41 (00125: 7-11-18-20-27)",3,false,false,false,2026-05-11 13:11:22.914 +0700
T6,2025-09-19,"1","00165",10,27,29,30,34,10,0,11594910000,0,10000000,8,5000000,56,500000,181,100000,2110,30000,15648,10000,0,1,2,2,Z,C,CC,3,"0","29",1,,1,0,1,0,"02",130,"0122",15,CLLCC,27,12,20,,"5,9,18,35",4,41,"75 (00090: 1-8-10-27-29)",3,false,false,false,2026-05-11 13:11:22.915 +0700
T5,2025-09-18,"2","00164",8,10,14,23,25,4,0,10968490500,1,10000000,10,5000000,107,500000,252,100000,2947,30000,17001,10000,1,2,2,0,X,C,CL,3,"3","23",1,,0,2,0,1,,80,"1220",4,CCCLL,5,16,20,,"5,9,35",3,40,"93 (00071: 1-6-8-23-25)",3,false,false,false,2026-05-11 13:11:22.917 +0700
T5,2025-09-18,"1","00163",11,13,15,17,30,6,0,10138302000,0,10000000,11,5000000,52,500000,186,100000,1872,30000,13554,10000,0,4,0,1,Y,C,LC,1,"0,2","11-13-17",3,"11",0,1,2,1,,86,"0401",,LLLLC,24,13,20,,"5,9,35",3,39,"25 (00138: 6-15-17-20-30)",3,false,false,false,2026-05-11 13:11:22.918 +0700
T4,2025-09-17,"2","00162",1,13,14,15,21,8,0,9591473500,1,10000000,2,5000000,52,500000,214,100000,1894,30000,19716,10000,1,3,1,0,Y,C,LL,1,"3","13",1,,2,1,2,3,"12",64,"1310",1,LLCLL,5,17,20,,"5,9,35",3,38,"21 (00141: 1-3-10-14-15)",3,false,false,false,2026-05-11 13:11:22.919 +0700
T4,2025-09-17,"1","00161",1,12,14,19,20,7,0,8816813500,1,10000000,5,5000000,51,500000,143,100000,1570,30000,11715,10000,1,3,1,0,Y,L,LC,3,"3","19",1,,1,1,0,1,,66,"1310",2,LCCLC,3,5,20,,"5,9,35",3,37,"91 (00070: 1-12-18-20-25)",3,false,false,false,2026-05-11 13:11:22.920 +0700
T3,2025-09-16,"2","00160",3,10,13,22,28,3,0,8246769500,1,10000000,4,5000000,83,500000,171,100000,2378,30000,14496,10000,1,2,2,0,X,L,LC,3,"3","3-13",2,"22",0,2,0,0,"32",76,"1220",3,LCLCC,11,10,20,,"9,35",2,36,"72 (00088: 3-4-10-13-32)",3,false,false,false,2026-05-11 13:11:22.922 +0700
T3,2025-09-16,"1","00159",8,14,16,19,29,7,0,7525265000,0,10000000,5,5000000,56,500000,169,100000,1705,30000,11867,10000,1,3,1,0,Y,L,CL,3,"3","19-29",2,,0,1,1,0,"92",86,"1310",3,CCCLL,5,32,20,"8","8,9,35",3,35,"142 (00017: 1-8-14-19-23)",3,false,false,true,2026-05-11 13:11:22.923 +0700
T2,2025-09-15,"2","00158",11,16,20,27,32,2,0,7395502500,1,10000000,7,5000000,102,500000,221,100000,2667,30000,16560,10000,0,2,2,1,X,C,LC,3,"0","11",1,"11",0,0,2,0,,106,"0221",65,LCCLC,70,18,20,,"8,9,35",3,34,"33 (00125: 7-11-18-20-27)",3,false,false,false,2026-05-11 13:11:22.925 +0700
T2,2025-09-15,"1","00157",1,11,16,25,29,7,0,7210592500,2,10000000,3,5000000,75,500000,148,100000,1607,30000,16623,10000,1,2,2,0,Y,L,LL,1,"3","11-29",2,"11",0,1,1,1,"12",82,"1220",9,LLCLL,64,9,20,,"8,9",2,33,"45 (00112: 6-11-16-17-29)",3,false,false,false,2026-05-11 13:11:22.927 +0700
CN,2025-09-14,"2","00156",6,10,11,12,27,4,0,7139607500,0,10000000,8,5000000,93,500000,217,100000,2410,30000,15294,10000,1,3,1,0,X,C,CL,3,"3","11",1,"11",2,2,2,1,,66,"1310",32,CCLCL,46,21,20,"12","8,9,12",3,32,"100 (00056: 3-6-11-27-33)",3,false,false,false,2026-05-11 13:11:22.927 +0700
CN,2025-09-14,"1","00155",1,6,7,11,31,3,0,7016852500,0,10000000,4,5000000,37,500000,106,100000,1335,30000,9363,10000,3,1,0,1,X,L,LL,1,"2","7-11-31",3,"11",1,1,2,1,"13",56,"3101",,LCLLL,12,9,20,,"8,9",2,31,"1 (00154: 2-6-28-29-31)",2,false,false,false,2026-05-11 13:11:22.928 +0700
T7,2025-09-13,"2","00154",2,6,28,29,31,12,0,6882622500,1,10000000,5,5000000,56,500000,145,100000,1759,30000,12266,10000,2,0,2,1,Z,C,CL,3,"1","2-29-31",3,,1,1,0,0,,96,"2021",5,CCCLL,26,6,20,,"8,9",2,30,"2 (00152: 2-6-7-24-28)",3,false,false,false,2026-05-11 13:11:22.929 +0700
T7,2025-09-13,"1","00153",3,19,26,33,34,8,0,6717187500,1,10000000,7,5000000,67,500000,185,100000,1591,30000,14773,10000,1,1,1,2,Y,C,LC,2,,"3-19",2,"33",1,0,0,1,"32",115,"1112",35,LLCLC,11,8,20,,"8",1,29,"8 (00145: 3-4-21-26-33)",3,false,false,false,2026-05-11 13:11:22.930 +0700
T6,2025-09-12,"2","00152",2,6,7,24,28,1,0,6703490000,1,10000000,7,5000000,71,500000,135,100000,2134,30000,9277,10000,3,0,2,0,X,L,CC,4,"1,3","2-7",2,,1,0,0,0,,67,"3020",81,CCLCC,61,24,20,"2,24","2,8,24",3,28,"69 (00083: 2-15-20-24-28)",3,false,false,false,2026-05-11 13:11:22.930 +0700
T6,2025-09-12,"1","00151",15,17,19,20,34,3,0,6525340000,1,10000000,6,5000000,46,500000,133,100000,1662,30000,9645,10000,0,3,1,1,X,L,LC,2,"0","17-19",2,,1,0,0,0,,105,"0311",5,LLLCC,69,13,20,,"2,8,24",3,27,"7 (00144: 17-18-19-22-34)",3,false,false,false,2026-05-11 13:11:22.931 +0700
T5,2025-09-11,"2","00150",13,22,25,30,31,9,0,6434580000,2,10000000,6,5000000,70,500000,216,100000,1917,30000,16616,10000,0,1,2,2,Z,L,LL,2,"0","13-31",2,"22",1,0,2,1,,121,"0122",92,LCLCL,5,19,20,,"2,8,24",3,26,"33 (00117: 13-20-25-27-30)",3,false,false,false,2026-05-11 13:11:22.933 +0700
T5,2025-09-11,"1","00149",1,6,25,28,30,2,0,6340945000,0,10000000,3,5000000,38,500000,105,100000,1519,30000,8518,10000,2,0,2,1,X,C,LC,3,"1",,0,,0,1,0,1,,90,"2021",4,LCLCC,5,13,20,,"2,8",2,25,"78 (00071: 1-6-8-23-25)",3,false,false,false,2026-05-11 13:11:22.934 +0700
T4,2025-09-10,"2","00148",4,13,16,23,29,11,0,6199605000,2,10000000,5,5000000,60,500000,144,100000,1821,30000,13197,10000,1,2,2,0,Z,L,CL,2,"3","13-23-29",3,,0,1,3,0,"32",85,"1220",1,CLCLL,1,36,20,"16","8,16",2,24,"1 (00147: 6-13-14-23-29)",3,false,false,false,2026-05-11 13:11:22.935 +0700
T4,2025-09-10,"1","00147",6,13,14,23,29,6,0,6060537500,0,10000000,9,5000000,55,500000,234,100000,1705,30000,15488,10000,1,2,2,0,Y,C,CL,2,"3","13-23-29",3,,1,1,0,0,"32",85,"1220",22,CLCLL,35,10,20,,"16",1,23,"131 (00016: 6-7-13-28-29)",3,false,false,false,2026-05-11 13:11:22.936 +0700
T3,2025-09-09,"2","00146",11,15,19,27,33,1,-1,21380563500,3,2404732833,35,106810000,671,5810000,1277,2890000,20041,205000,95793,10000,0,3,1,1,X,L,LL,0,"0","11-19",2,"11,33",0,0,1,1,,105,"0311",2,LLLLL,72,7,20,,"16",1,22,"53 (00093: 11-19-22-27-35)",3,false,true,false,2026-05-11 13:11:22.937 +0700
T3,2025-09-09,"1","00145",3,4,21,26,33,5,0,15355778500,0,10000000,21,5000000,124,500000,444,100000,3893,30000,32241,10000,2,0,2,1,Y,L,LL,2,"1","3",1,"33",1,2,0,0,"32",87,"2021",8,LCLCL,40,8,20,,"16",1,21,"49 (00096: 3-9-20-26-33)",3,false,false,false,2026-05-11 13:11:22.938 +0700
T2,2025-09-08,"2","00144",17,18,19,22,34,3,0,14081334500,1,10000000,21,5000000,185,500000,561,100000,5849,30000,39065,10000,0,3,1,1,X,L,LC,3,"0","17-19",2,"22",2,1,1,1,,110,"0311",114,LCLCC,22,19,20,,"16",1,20,"22 (00122: 1-4-17-18-28)",2,false,false,false,2026-05-11 13:11:22.939 +0700
T2,2025-09-08,"1","00143",11,14,19,21,25,2,0,12247311000,0,10000000,13,5000000,104,500000,256,100000,2547,30000,15895,10000,0,3,2,0,X,C,LL,1,"0,3","11-19",2,"11",0,1,2,0,"12",90,"0320",76,LCLLL,19,16,20,,"16",1,19,"86 (00057: 1-14-19-25-27)",3,false,false,false,2026-05-11 13:11:22.939 +0700
CN,2025-09-07,"2","00142",21,25,26,29,30,9,0,11486765500,0,10000000,7,5000000,72,500000,285,100000,2496,30000,23907,10000,0,0,4,1,Z,L,LC,2,"0,1","29",1,,2,0,0,0,,131,"0041",51,LLCLC,8,18,20,,"16",1,18,"7 (00135: 12-17-23-26-29)",2,false,false,false,2026-05-11 13:11:22.940 +0700
CN,2025-09-07,"1","00141",1,3,10,14,15,7,0,10619029000,1,10000000,7,5000000,59,500000,182,100000,1903,30000,16652,10000,2,3,0,0,Y,L,LL,2,"2,3","3",1,,1,0,0,0,,43,"2300",78,LLCCL,9,20,20,,"16",1,17,"72 (00069: 1-3-7-10-25)",3,false,false,false,2026-05-11 13:11:22.941 +0700
T7,2025-09-06,"2","00140",5,7,29,32,33,12,0,10009705500,1,10000000,7,5000000,72,500000,147,100000,2536,30000,13711,10000,2,0,1,2,Z,C,LL,1,"1","5-7-29",3,"33",1,1,1,0,,106,"2012",45,LLLCL,21,31,20,"33","16,33",2,16,"8 (00132: 5-9-12-32-35)",2,false,false,false,2026-05-11 13:11:22.942 +0700
T7,2025-09-06,"1","00139",7,11,13,27,34,4,0,9157061500,0,10000000,7,5000000,86,500000,192,100000,2168,30000,10600,10000,1,2,1,1,X,C,LC,1,,"7-11-13",3,"11",0,0,0,1,"72",92,"1211",1,LLLLC,,21,20,"34","16,33,34",3,15,"14 (00125: 7-11-18-20-27)",3,false,false,false,2026-05-11 13:11:22.942 +0700
T6,2025-09-05,"2","00138",6,15,17,20,30,10,0,8587063000,0,10000000,14,5000000,76,500000,281,100000,2359,30000,17091,10000,1,2,1,1,Z,C,CC,3,,"17",1,,0,0,1,0,"02",88,"1211",7,CLLCC,2,12,20,,"16,33",2,14,"12 (00126: 4-6-14-15-20)",3,false,false,false,2026-05-11 13:11:22.943 +0700
T6,2025-09-05,"1","00137",1,4,20,23,35,11,0,7900241000,0,10000000,2,5000000,34,500000,108,100000,1253,30000,10858,10000,2,0,2,1,Z,L,LL,2,"1","23",1,,0,1,1,0,,83,"2021",1,LCCLL,31,11,20,,"16,33",2,13,"130 (00007: 13-20-23-27-35)",3,false,false,false,2026-05-11 13:11:22.944 +0700
T5,2025-09-04,"2","00136",4,5,27,28,30,5,0,7590772500,0,10000000,5,5000000,66,500000,223,100000,2086,30000,17463,10000,2,0,2,1,Y,L,CC,3,"1","5",1,,2,1,0,2,,94,"2021",23,CLLCC,111,14,20,,"16,33",2,12,"36 (00100: 1-5-12-27-30)",3,false,false,true,2026-05-11 13:11:22.944 +0700
T5,2025-09-04,"1","00135",12,17,23,26,29,12,0,7437710000,0,10000000,3,5000000,58,500000,127,100000,1893,30000,9448,10000,0,2,3,0,Z,C,CL,2,"0,3","17-23-29",3,,0,1,0,0,,107,"0230",43,CLLCL,58,21,20,"29","16,29,33",3,11,"2 (00133: 1-6-9-17-26)",2,false,false,false,2026-05-11 13:11:22.945 +0700
T4,2025-09-03,"2","00134",1,5,10,21,30,3,0,7288615000,0,10000000,7,5000000,96,500000,221,100000,2143,30000,18402,10000,2,1,1,1,X,L,LC,2,,"5",1,,0,1,1,1,"02,12",67,"2111",4,LLCLC,4,4,20,,"16,33",2,10,"4 (00130: 5-7-10-21-30)",4,false,false,false,2026-05-11 13:11:22.946 +0700
T7,2025-08-30,"1","00125",7,11,18,20,27,10,0,6082902500,0,10000000,3,5000000,61,500000,158,100000,1699,30000,11777,10000,1,2,2,0,Z,C,LL,2,"3","7-11",2,"11",0,2,0,1,"72",83,"1220",17,LLCCL,7,8,20,,,0,1,"87 (00038: 7-11-17-18-25)",3,false,false,false,2026-05-11 13:11:22.954 +0700
T6,2025-08-29,"2","00124",9,12,13,19,25,8,1,13958467500,1,10000000,32,5000000,321,500000,919,100000,8528,30000,53863,10000,1,3,1,0,Y,C,LL,1,"3","13-19",2,,1,1,0,1,"92",78,"1310",12,LCLLL,67,10,20,,,0,0,"110 (00014: 3-13-19-25-29)",3,true,false,false,2026-05-11 13:11:22.955 +0700
T6,2025-08-29,"1","00123",8,10,21,27,31,5,0,12155408500,1,10000000,10,5000000,88,500000,233,100000,2726,30000,16693,10000,1,1,2,1,Y,L,CL,2,,"31",1,,0,1,0,0,"12",97,"1121",9,CCLLL,69,13,20,,,0,21,"33 (00090: 1-8-10-27-29)",3,false,false,false,2026-05-11 13:11:22.956 +0700
T5,2025-08-28,"2","00122",1,4,17,18,28,5,0,11339777500,1,10000000,7,5000000,97,500000,214,100000,2426,30000,20016,10000,2,2,1,0,Y,L,LC,3,"3","17",1,,1,2,1,1,"82",68,"2210",15,LCLCC,20,12,20,,,0,20,"21 (00101: 1-4-17-33-34)",3,false,false,true,2026-05-11 13:11:22.957 +0700
T5,2025-08-28,"1","00121",3,18,19,23,30,7,0,10378225500,1,10000000,5,5000000,57,500000,251,100000,2168,30000,16258,10000,1,2,1,1,Y,L,LC,2,,"3-19-23",3,,1,1,1,1,"32",93,"1211",2,LCLLC,4,15,20,,,0,19,"23 (00098: 3-18-20-26-30)",3,false,false,false,2026-05-11 13:11:22.957 +0700
T4,2025-08-27,"2","00120",2,9,10,24,30,5,0,9749397000,0,10000000,9,5000000,102,500000,282,100000,2950,30000,21852,10000,2,1,1,1,Y,L,CC,4,,"2",1,,1,1,0,0,"02",75,"2111",14,CLCCC,9,15,20,,,0,18,"17 (00103: 3-10-24-30-33)",3,false,false,false,2026-05-11 13:11:22.958 +0700
T4,2025-08-27,"1","00119",7,11,17,22,35,8,0,8980434500,0,10000000,4,5000000,43,500000,158,100000,1774,30000,16164,10000,1,2,1,1,Y,C,LL,1,,"7-11-17",3,"11,22",0,0,3,1,"72",92,"1211",3,LLLCL,50,15,20,,,0,17,"1 (00118: 7-11-26-34-35)",3,false,false,false,2026-05-11 13:11:22.959 +0700
T3,2025-08-26,"2","00118",7,11,26,34,35,9,0,8395403000,1,10000000,8,5000000,73,500000,313,100000,2675,30000,23601,10000,1,1,1,2,Z,L,LL,2,,"7-11",2,"11",1,1,0,1,,113,"1112",15,LLCCL,10,12,20,,,0,16,"3 (00115: 1-7-14-25-26)",2,false,false,true,2026-05-11 13:11:22.959 +0700
T3,2025-08-26,"1","00117",13,20,25,27,30,11,0,8219542500,0,10000000,6,5000000,85,500000,165,100000,2151,30000,12169,10000,0,1,3,1,Z,L,LC,2,"0","13",1,,0,0,1,1,"02",115,"0131",7,LCLLC,16,17,20,,,0,15,"18 (00099: 15-20-23-27-30)",3,false,false,false,2026-05-11 13:11:22.960 +0700
T2,2025-08-25,"2","00116",2,15,19,25,34,6,0,8115830000,1,10000000,12,5000000,104,500000,288,100000,3326,30000,21694,10000,1,2,1,1,Y,C,CC,2,,"2-19",2,,0,1,1,2,"52",95,"1211",5,CLLLC,3,23,20,"19","19",1,14,"56 (00060: 15-19-25-32-33)",3,false,false,true,2026-05-11 13:11:22.961 +0700
T2,2025-08-25,"1","00115",1,7,14,25,26,1,0,7965982500,0,10000000,6,5000000,62,500000,139,100000,1790,30000,9750,10000,2,1,2,0,X,L,LC,2,"3","7",1,,1,0,1,1,,73,"2120",25,LLCLC,15,37,20,"7","7,19",2,13,"46 (00069: 1-3-7-10-25)",3,false,false,true,2026-05-11 13:11:22.962 +0700
CN,2025-08-24,"2","00114",4,12,25,29,34,12,0,7788380000,0,10000000,3,5000000,81,500000,171,100000,2763,30000,12538,10000,1,1,2,1,Z,C,CC,3,,"29",1,,0,1,0,0,"42",104,"1121",16,CCLLC,7,14,20,,"7,19",2,12,"13 (00101: 1-4-17-33-34)",2,false,false,false,2026-05-11 13:11:22.962 +0700
CN,2025-08-24,"1","00113",8,9,21,23,30,12,0,7546995000,0,10000000,7,5000000,55,500000,152,100000,1753,30000,9562,10000,2,0,2,1,Z,C,CC,2,"1","23",1,,1,0,0,1,,91,"2021",17,CLLLC,,16,20,,"7",1,11,"4 (00109: 8-9-32-33-34)",2,false,false,false,2026-05-11 13:11:22.963 +0700
T7,2025-08-23,"2","00112",6,11,16,17,29,7,0,7402845000,0,10000000,6,5000000,79,500000,274,100000,2630,30000,20557,10000,1,3,1,0,Y,L,CL,2,"3","11-17-29",3,"11",1,1,0,0,"62",79,"1310",34,CLCLL,23,18,20,,"7",1,10,"18 (00094: 3-4-11-29-30)",2,false,false,false,2026-05-11 13:11:22.964 +0700
T7,2025-08-23,"1","00111",4,13,14,26,30,8,0,7250027500,0,10000000,1,5000000,53,500000,189,100000,1764,30000,16503,10000,1,2,1,1,Y,C,CC,4,,"13",1,,1,1,0,0,"42",87,"1211",26,CLCCC,28,8,20,,"7",1,9,"4 (00107: 2-4-13-15-26)",3,false,false,false,2026-05-11 13:11:22.965 +0700
T6,2025-08-22,"2","00110",16,20,23,28,31,2,0,7126327500,1,10000000,7,5000000,100,500000,184,100000,2883,30000,12872,10000,0,1,3,1,X,C,CL,3,"0","23-31",2,,0,1,0,0,,118,"0131",6,CCLCL,101,25,20,"16,31","7,16,31",3,8,"6 (00104: 14-20-22-28-32)",2,false,false,false,2026-05-11 13:11:22.967 +0700
T6,2025-08-22,"1","00109",8,9,32,33,34,2,0,6937427500,1,10000000,2,5000000,54,500000,133,100000,1951,30000,9714,10000,2,0,0,3,X,C,CC,3,"1,2",,0,"33",3,1,1,0,,116,"2003",,CLCLC,12,12,20,,"7,16,31",3,7,"12 (00097: 8-21-24-33-34)",3,false,false,false,2026-05-11 13:11:22.969 +0700
T5,2025-08-21,"2","00108",9,13,18,24,29,2,0,6765762500,0,10000000,5,5000000,102,500000,199,100000,2607,30000,15009,10000,1,2,2,0,X,C,LL,2,"3","13-29",2,,0,0,1,0,"92",93,"1220",3,LLCCL,12,14,20,,"7,16,31",3,6,"84 (00024: 9-24-29-32-35)",3,false,false,false,2026-05-11 13:11:22.972 +0700
T5,2025-08-21,"1","00107",2,4,13,15,26,1,0,6569485000,0,10000000,1,5000000,62,500000,102,100000,1633,30000,9089,10000,2,2,1,0,X,L,CC,3,"3","2-13",2,,0,1,0,2,,60,"2210",20,CCLLC,77,20,20,,"7,16,31",3,5,"15 (00092: 13-18-23-26-27)",2,false,false,false,2026-05-11 13:11:22.972 +0700
T4,2025-08-20,"2","00106",3,6,18,25,35,12,0,6392685000,2,10000000,8,5000000,89,500000,163,100000,2673,30000,12812,10000,2,1,1,1,Z,C,LL,2,,"3",1,,0,0,1,2,"52",87,"2111",6,LCCLL,16,13,20,,"7,16",2,4,"26 (00080: 6-12-18-23-25)",3,false,false,false,2026-05-11 13:11:22.973 +0700
T4,2025-08-20,"1","00105",5,10,15,24,25,7,0,6217080000,0,10000000,15,5000000,120,500000,221,100000,2092,30000,14940,10000,1,2,2,0,Y,L,LL,2,"3","5",1,,1,0,0,1,"53",79,"1220",3,LCLCL,13,14,20,,"7",1,3,"3 (00102: 5-10-15-20-28)",3,false,false,false,2026-05-11 13:11:22.974 +0700
T3,2025-08-19,"2","00104",14,20,22,28,32,6,0,6216382500,2,10000000,6,5000000,113,500000,242,100000,2406,30000,16137,10000,0,1,3,1,Y,C,CC,5,"0",,0,"22",0,1,0,0,"22",116,"0131",5,CCCCC,19,32,20,"14","7,14",2,2,"13 (00091: 20-22-25-28-32)",4,false,false,false,2026-05-11 13:11:22.975 +0700
T3,2025-08-19,"1","00103",3,10,24,30,33,4,0,6100900000,0,10000000,9,5000000,71,500000,156,100000,1735,30000,9506,10000,1,1,1,2,X,C,LL,3,,"3",1,"33",0,0,1,0,"02,32",100,"1112",22,LCCCL,33,6,20,,"7,14",2,1,"93 (00010: 10-23-24-30-33)",4,false,false,false,2026-05-11 13:11:22.975 +0700
T2,2025-08-18,"2","00102",5,10,15,20,28,12,1,6962225000,1,10000000,16,5000000,169,500000,214,100000,3438,30000,16635,10000,1,2,2,0,Z,C,LC,3,"3","5",1,,0,0,0,1,"02,52",78,"1220",22,LCLCC,18,12,20,,"7,14",2,0,"19 (00083: 2-15-20-24-28)",3,true,false,false,2026-05-11 13:11:22.977 +0700
T2,2025-08-18,"1","00101",1,4,17,33,34,6,0,6818807500,1,10000000,5,5000000,43,500000,157,100000,1463,30000,15326,10000,2,1,0,2,Y,C,LC,2,"2","17",1,"33",1,1,1,0,"42",89,"2102",,LCLLC,2,12,20,,"7,14",2,28,"4 (00097: 8-21-24-33-34)",2,false,false,false,2026-05-11 13:11:22.978 +0700
CN,2025-08-17,"2","00100",1,5,12,27,30,3,0,6685642500,0,10000000,2,5000000,74,500000,149,100000,2225,30000,15070,10000,2,1,1,1,X,L,LC,2,,"5",1,,0,0,2,0,,75,"2111",6,LLCLC,36,20,20,,"7,14",2,27,"21 (00079: 1-18-27-29-30)",3,false,false,false,2026-05-11 13:11:22.979 +0700
CN,2025-08-17,"1","00099",15,20,23,27,30,4,0,6464850000,1,10000000,2,5000000,71,500000,138,100000,1777,30000,10077,10000,0,1,3,1,X,C,LC,2,"0","23",1,,0,0,2,1,"02",115,"0131",35,LCLLC,4,16,20,,"7,14",2,26,"92 (00007: 13-20-23-27-35)",3,false,false,false,2026-05-11 13:11:22.979 +0700
T7,2025-08-16,"1","00097",8,21,24,33,34,3,0,6164275000,0,10000000,7,5000000,50,500000,206,100000,2018,30000,12280,10000,1,0,2,2,X,L,CC,3,"1",,0,"33",1,1,1,2,"42",120,"1022",22,CLCLC,,33,20,"21","14,21",2,24,"8 (00089: 8-17-24-25-33)",3,false,false,false,2026-05-11 13:11:22.982 +0700
T6,2025-08-15,"2","00096",3,9,20,26,33,4,-1,18934861000,2,3174383000,52,65685000,481,7060000,1403,2345000,14978,240000,101133,10000,2,0,2,1,X,C,LL,2,"1","3",1,"33",0,2,1,0,"32",91,"2021",76,LLCCL,35,9,20,,"14,21",2,23,"12 (00084: 9-16-17-26-32)",2,false,true,false,2026-05-11 13:11:22.983 +0700
T6,2025-08-15,"1","00095",5,6,27,33,34,8,0,13964416500,1,10000000,15,5000000,112,500000,478,100000,3566,30000,37102,10000,2,0,1,2,Y,C,LC,2,"1","5",1,"33",2,0,0,1,,105,"2012",29,LCLLC,1,19,20,,"14,21",2,22,"39 (00056: 3-6-11-27-33)",3,false,false,false,2026-05-11 13:11:22.986 +0700
T5,2025-08-14,"2","00094",3,4,11,29,30,3,0,12884383500,0,10000000,4,5000000,105,500000,267,100000,3125,30000,22792,10000,2,1,1,1,X,L,LC,2,,"3-11-29",3,"11",2,0,1,0,,77,"2111",38,LCLLC,15,13,20,,"14,21",2,21,"6 (00088: 3-4-10-13-32)",2,false,false,false,2026-05-11 13:11:22.987 +0700
T5,2025-08-14,"1","00093",11,19,22,27,35,10,0,11643929000,0,10000000,8,5000000,109,500000,267,100000,2473,30000,18407,10000,0,2,2,1,Z,C,LL,1,"0","11-19",2,"11,22",0,1,1,2,,114,"0221",43,LLCLL,,30,20,"19","14,19,21",3,20,"64 (00029: 13-15-19-22-27)",3,false,false,false,2026-05-11 13:11:22.988 +0700
T4,2025-08-13,"2","00092",13,18,23,26,27,12,0,10884350000,1,10000000,8,5000000,192,500000,255,100000,3828,30000,17188,10000,0,2,3,0,Z,C,LL,2,"0,3","13-23",2,,1,1,0,2,"32",107,"0230",,LCLCL,14,8,20,,"19,21",2,19,"28 (00064: 13-21-26-27-32)",3,false,false,true,2026-05-11 13:11:22.989 +0700
T4,2025-08-13,"1","00091",20,22,25,28,32,1,0,9952698000,0,10000000,6,5000000,78,500000,119,100000,2489,30000,10021,10000,0,0,4,1,X,L,CC,4,"0,1",,0,"22",0,1,0,1,"22",127,"0041",,CCLCC,,8,20,,"19,21",2,18,"18 (00073: 5-20-25-30-32)",3,false,false,false,2026-05-11 13:11:22.989 +0700
T3,2025-08-12,"2","00090",1,8,10,27,29,11,0,9183921500,0,10000000,7,5000000,84,500000,222,100000,2594,30000,18745,10000,2,1,2,0,Z,L,LL,2,"3","29",1,,0,0,1,0,,75,"2120",29,LCCLL,19,11,20,,"19,21",2,17,"11 (00079: 1-18-27-29-30)",3,false,false,false,2026-05-11 13:11:22.990 +0700
T3,2025-08-12,"1","00089",8,17,24,25,33,5,0,8546250000,1,10000000,6,5000000,93,500000,265,100000,2363,30000,17117,10000,1,1,2,1,Y,L,CL,2,,"17",1,"33",1,0,0,1,,107,"1121",10,CLCLL,,9,20,,"19,21",2,16,"14 (00075: 8-20-24-30-34)",2,false,false,false,2026-05-11 13:11:22.991 +0700
T2,2025-08-11,"2","00088",3,4,10,13,32,1,0,8453195000,1,10000000,4,5000000,88,500000,219,100000,3197,30000,16034,10000,2,2,0,1,X,L,LC,3,"2","3-13",2,,1,1,0,2,"32",62,"2201",12,LCCLC,12,25,20,"4","4,19,21",3,15,"12 (00076: 5-8-10-13-32)",3,false,false,false,2026-05-11 13:11:22.992 +0700
T2,2025-08-11,"1","00087",2,9,11,17,23,3,0,8117617500,1,10000000,7,5000000,95,500000,162,100000,2581,30000,12500,10000,2,2,1,0,X,L,CL,1,"3","2-11-17-23",4,"11",0,1,0,1,,62,"2210",5,CLLLL,25,31,20,"11","4,11,19,21",4,14,"3 (00084: 9-16-17-26-32)",2,false,false,true,2026-05-11 13:11:22.992 +0700
CN,2025-08-10,"2","00086",22,24,28,31,34,3,0,7959545000,1,10000000,9,5000000,102,500000,233,100000,2498,30000,18665,10000,0,0,3,2,X,L,CC,4,"0,1","31",1,"22",0,0,2,0,"42",139,"0032",24,CCCLC,41,9,20,,"4,11,19,21",4,13,"42 (00044: 21-28-31-34-35)",3,false,false,false,2026-05-11 13:11:22.993 +0700
CN,2025-08-10,"1","00085",8,16,18,28,34,7,0,7766407500,1,10000000,4,5000000,114,500000,249,100000,2415,30000,15874,10000,1,2,1,1,Y,L,CC,5,,,0,,0,2,1,1,"83",104,"1211",1,CCCCC,10,10,20,,"4,11,19,21",4,12,"10 (00075: 8-20-24-30-34)",2,false,false,false,2026-05-11 13:11:22.994 +0700
T7,2025-08-09,"2","00084",9,16,17,26,32,12,0,7677005000,2,10000000,9,5000000,114,500000,256,100000,3306,30000,17172,10000,1,2,1,1,Z,C,LC,3,,"17",1,,1,0,0,1,"62",100,"1211",12,LCLCC,11,34,20,"17","4,11,17,19",4,11,"2 (00082: 1-9-15-16-20)",2,false,false,true,2026-05-11 13:11:22.995 +0700
T7,2025-08-02,"2","00070",1,12,18,20,25,10,1,19410452000,9,10000000,57,5000000,619,500000,1763,100000,16797,30000,113257,10000,1,2,2,0,Z,C,LL,3,"3",,0,,0,0,2,0,,76,"1220",13,LCCCL,2,8,20,,"2",1,0,"49 (00021: 1-2-12-25-31)",3,true,false,false,2026-05-11 13:11:23.007 +0700
T7,2025-08-02,"1","00069",1,3,7,10,25,11,0,14408047500,3,10000000,13,5000000,185,500000,366,100000,4770,30000,25981,10000,3,1,1,0,Z,L,LL,1,"3","3-7",2,,0,1,0,1,,46,"3110",32,LLLCL,9,14,20,,"2",1,53,"58 (00011: 1-3-7-10-24)",4,false,false,false,2026-05-11 13:11:23.007 +0700
T6,2025-08-01,"2","00068",9,12,22,26,31,11,0,13029911500,0,10000000,5,5000000,166,500000,328,100000,4261,30000,27279,10000,1,1,2,1,Z,L,LL,3,,"31",1,"22",0,1,2,0,"22",100,"1121",3,LCCCL,17,5,20,,"2",1,52,"34 (00034: 9-12-22-31-35)",4,false,false,false,2026-05-11 13:11:23.008 +0700
T6,2025-08-01,"1","00067",12,14,16,22,23,9,0,11635518500,1,10000000,15,5000000,107,500000,307,100000,2968,30000,22498,10000,0,3,2,0,Z,L,CL,4,"0,3","23",1,"22",1,0,1,1,"22",87,"0320",13,CCCCL,25,12,20,,"2",1,51,"12 (00055: 1-7-12-16-23)",3,false,false,false,2026-05-11 13:11:23.009 +0700
T5,2025-07-31,"2","00066",3,6,22,31,33,2,0,10848645500,2,10000000,8,5000000,97,500000,256,100000,3527,30000,19222,10000,2,0,1,2,X,C,LL,2,"1","3-31",2,"22,33",0,1,1,0,"32",95,"2012",7,LCCLL,19,13,20,,,0,50,"10 (00056: 3-6-11-27-33)",3,false,false,true,2026-05-11 13:11:23.010 +0700
T5,2025-07-31,"1","00065",3,10,24,26,34,6,0,9699894000,0,10000000,14,5000000,77,500000,356,100000,2555,30000,18269,10000,1,1,2,1,Y,C,LC,4,,"3",1,,0,1,1,0,"42",97,"1121",17,LCCCC,59,16,20,,,0,49,"54 (00011: 1-3-7-10-24)",3,false,false,false,2026-05-11 13:11:23.010 +0700
T4,2025-07-30,"2","00064",13,21,26,27,32,3,0,8971819000,0,10000000,8,5000000,92,500000,213,100000,2911,30000,16791,10000,0,1,3,1,X,L,LC,2,"0","13",1,,1,0,0,0,,119,"0131",57,LLCLC,15,29,20,"13","13",1,48,"35 (00029: 13-15-19-22-27)",2,false,false,false,2026-05-11 13:11:23.011 +0700
T4,2025-07-30,"1","00063",4,9,10,18,19,2,0,8028147500,1,10000000,11,5000000,120,500000,224,100000,3017,30000,14469,10000,2,3,0,0,X,C,CL,3,"2,3","19",1,,2,1,0,0,"92",60,"2300",62,CLCCL,53,21,20,"4","4,13",2,47,"10 (00053: 9-10-19-22-24)",3,false,false,false,2026-05-11 13:11:23.011 +0700
T3,2025-07-29,"2","00062",20,21,29,31,33,3,0,7574632500,0,10000000,10,5000000,71,500000,277,100000,2905,30000,21113,10000,0,0,3,2,X,L,CL,1,"0,1","29-31",2,"33",1,0,1,1,"12",134,"0032",,CLLLL,,18,20,,"13",1,46,"12 (00050: 17-18-27-29-33)",2,false,false,true,2026-05-11 13:11:23.012 +0700
T3,2025-07-29,"1","00061",1,5,16,28,29,8,0,7326952500,1,10000000,7,5000000,45,500000,281,100000,2215,30000,21592,10000,2,1,2,0,Y,C,LL,2,"3","5-29",2,,1,0,0,1,,79,"2120",45,LLCCL,2,20,20,,"13",1,45,"2 (00059: 1-3-28-32-33)",2,false,false,true,2026-05-11 13:11:23.013 +0700
T2,2025-07-28,"2","00060",15,19,25,32,33,5,0,7184975000,0,10000000,14,5000000,98,500000,418,100000,3488,30000,27086,10000,0,2,1,2,Y,L,LL,1,"0","19",1,"33",1,1,2,1,"52",124,"0212",,LLLCL,22,31,20,"15","13,15",2,44,"1 (00059: 1-3-28-32-33)",2,false,false,false,2026-05-11 13:11:23.013 +0700
T2,2025-07-28,"1","00059",1,3,28,32,33,11,0,6982957500,0,10000000,2,5000000,45,500000,152,100000,1980,30000,14184,10000,2,0,1,2,Z,L,LL,2,"1","3",1,"33",1,0,2,1,"32",97,"2012",,LLCCL,4,3,20,,"13,15",2,43,"10 (00049: 3-21-28-33-34)",3,false,false,true,2026-05-11 13:11:23.014 +0700
CN,2025-07-27,"2","00058",10,24,28,30,32,1,0,6725782500,0,10000000,3,5000000,105,500000,198,100000,3340,30000,14992,10000,0,1,2,2,X,L,CC,5,"0",,0,,0,1,0,1,"02",124,"0122",48,CCCCC,12,34,20,"32","13,15,32",3,42,"35 (00023: 11-17-24-28-30)",3,false,false,false,2026-05-11 13:11:23.015 +0700
CN,2025-07-27,"1","00057",1,14,19,25,27,8,0,6399597500,0,10000000,6,5000000,70,500000,270,100000,2255,30000,18730,10000,1,2,2,0,Y,C,LL,1,"3","19",1,,0,0,1,0,,86,"1220",4,LCLLL,1,10,20,,"13,15,32",3,41,"27 (00030: 12-14-19-27-34)",3,false,false,true,2026-05-11 13:11:23.017 +0700
T7,2025-07-26,"2","00056",3,6,11,27,33,6,0,6260852500,0,10000000,13,5000000,120,500000,393,100000,3470,30000,25533,10000,2,1,1,1,Y,C,LL,1,,"3-11",2,"11,33",0,2,0,0,"32",80,"2111",5,LCLLL,6,36,20,"6","6,13,15,32",4,40,"41 (00015: 3-11-12-27-32)",3,false,false,false,2026-05-11 13:11:23.018 +0700
T7,2025-07-26,"1","00055",1,7,12,16,23,8,0,6136077500,0,10000000,10,5000000,87,500000,262,100000,2488,30000,21187,10000,2,2,1,0,Y,C,LL,2,"3","7-23",2,,0,0,2,0,,59,"2210",22,LLCCL,54,18,20,,"6,15,32",3,39,"1 (00054: 16-18-19-23-25)",2,false,false,false,2026-05-11 13:11:23.021 +0700
T6,2025-07-25,"2","00054",16,18,19,23,25,11,-1,19639152000,10,672347200,38,91135000,650,5535000,1239,2740000,16836,220000,90169,10000,0,3,2,0,Z,L,CL,2,"0,3","19-23",2,,1,2,1,2,,101,"0320",25,CCLLL,,22,20,"23","6,15,23,32",4,38,"7 (00047: 3-14-16-21-25)",2,false,true,true,2026-05-11 13:11:23.022 +0700
T6,2025-07-25,"1","00053",9,10,19,22,24,7,0,14932091500,0,10000000,23,5000000,185,500000,564,100000,5707,30000,38273,10000,1,2,2,0,Y,L,LC,3,"3","19",1,"22",1,2,2,1,"92",84,"1220",6,LCLCC,,12,20,,"6,15,23,32",4,37,"52 (00001: 7-9-10-16-19)",3,false,false,false,2026-05-11 13:11:23.023 +0700
T5,2025-07-24,"2","00052",9,10,11,30,35,1,0,13274458500,2,10000000,10,5000000,178,500000,322,100000,4893,30000,22844,10000,1,2,0,2,X,L,LL,2,"2","11",1,"11",2,0,0,1,"02",95,"1202",,LCLCL,8,12,20,,"6,15,32",3,36,"44 (00008: 9-11-27-29-35)",3,false,false,false,2026-05-11 13:11:23.024 +0700
T5,2025-07-24,"1","00051",7,8,18,22,33,7,0,11754672500,0,10000000,15,5000000,93,500000,344,100000,2936,30000,23461,10000,2,1,1,1,Y,L,LL,3,,"7",1,"22,33",1,0,2,1,"82",88,"2111",30,LCCCL,3,6,20,,"6,15,32",3,35,"19 (00032: 7-8-22-23-28)",3,false,false,false,2026-05-11 13:11:23.025 +0700
T4,2025-07-23,"2","00050",17,18,27,29,33,8,0,10900310000,0,10000000,8,5000000,94,500000,378,100000,3354,30000,32510,10000,0,2,2,1,Y,C,LL,1,"0","17-29",2,"33",1,2,1,1,"72",124,"0221",27,LCLLL,43,13,20,,"6,15,32",3,34,"45 (00005: 1-18-25-27-33)",3,false,false,false,2026-05-11 13:11:23.026 +0700
T4,2025-07-23,"1","00049",3,21,28,33,34,5,0,9840881000,1,10000000,6,5000000,57,500000,176,100000,2326,30000,16748,10000,1,0,2,2,Y,L,LC,2,"1","3",1,"33",1,0,2,1,"32",119,"1022",25,LLCLC,8,5,20,,"6,32",2,33,"5 (00044: 21-28-31-34-35)",3,false,false,false,2026-05-11 13:11:23.027 +0700
T3,2025-07-22,"2","00048",7,10,26,28,33,2,0,8987906500,2,10000000,12,5000000,149,500000,296,100000,3905,30000,20093,10000,1,1,2,1,X,C,LL,3,,"7",1,"33",0,0,0,1,,104,"1121",6,LCCCL,11,10,20,,"6,32",2,32,"5 (00043: 9-14-28-33-35)",2,false,false,false,2026-05-11 13:11:23.028 +0700
T3,2025-07-22,"1","00047",3,14,16,21,25,5,0,7959332000,0,10000000,4,5000000,88,500000,198,100000,2424,30000,15042,10000,1,2,2,0,Y,L,LL,2,"3","3",1,,0,1,1,1,,79,"1220",33,LCCLL,4,14,20,,"6,32",2,31,"16 (00031: 2-3-12-14-22)",2,false,false,false,2026-05-11 13:11:23.028 +0700
T2,2025-07-21,"2","00046",2,16,18,22,30,5,0,7551072500,1,10000000,7,5000000,109,500000,305,100000,3257,30000,26371,10000,1,2,1,1,Y,L,CC,5,,"2",1,"22",0,0,0,0,"22",88,"1211",6,CCCCC,7,12,20,,"6,32",2,30,"7 (00039: 2-10-12-16-34)",2,false,false,false,2026-05-11 13:11:23.029 +0700
T2,2025-07-21,"1","00045",8,20,24,27,28,3,0,7320205000,1,10000000,8,5000000,69,500000,212,100000,2577,30000,15452,10000,1,0,4,0,X,L,CC,4,"1,3",,0,,1,2,1,0,"82",107,"1040",,CCCLC,42,8,20,,"6,32",2,29,"19 (00026: 1-5-8-20-24)",3,false,false,false,2026-05-11 13:11:23.029 +0700
CN,2025-07-20,"2","00044",21,28,31,34,35,1,0,7160475000,0,10000000,2,5000000,80,500000,162,100000,2393,30000,13675,10000,0,0,2,3,X,L,LL,2,"0,1","31",1,,1,1,2,1,"12",149,"0023",,LCLCL,20,4,20,,"6",1,28,"35 (00009: 28-32-33-34-35)",3,false,false,false,2026-05-11 13:11:23.030 +0700
CN,2025-07-20,"1","00043",9,14,28,33,35,10,0,6825522500,0,10000000,6,5000000,117,500000,200,100000,2784,30000,14630,10000,1,1,1,2,Z,C,LL,2,,,0,"33",0,0,0,0,,119,"1112",7,LCCLL,9,33,20,"33","6,33",2,27,"34 (00009: 28-32-33-34-35)",3,false,false,false,2026-05-11 13:11:23.031 +0700
T7,2025-07-19,"2","00042",4,16,24,26,31,11,0,6680462500,0,10000000,10,5000000,122,500000,191,100000,2825,30000,15456,10000,1,1,2,1,Z,L,CL,4,,"31",1,,0,1,0,1,"42,62",101,"1121",1,CCCCL,6,16,20,,"6,33",2,26,"15 (00027: 5-14-26-31-35)",2,false,false,false,2026-05-11 13:11:23.032 +0700
T7,2025-07-19,"1","00041",5,19,20,21,30,11,0,6492235000,0,10000000,9,5000000,73,500000,267,100000,2537,30000,16794,10000,1,1,2,1,Z,L,LC,2,,"5-19",2,,2,0,1,0,"02",95,"1121",29,LLCLC,1,,20,"21","6,21,33",3,25,"35 (00006: 5-18-20-30-34)",3,false,false,true,2026-05-11 13:11:23.033 +0700
T6,2025-07-18,"2","00040",5,11,16,27,34,9,0,6338210000,3,10000000,14,5000000,145,500000,363,100000,3367,30000,25148,10000,1,2,1,1,Z,L,LC,2,,"5-11",2,"11",0,1,2,1,,93,"1211",12,LLCLC,7,12,20,,"21,33",2,24,"12 (00028: 5-11-16-20-34)",4,false,false,false,2026-05-11 13:11:23.036 +0700
T6,2025-07-18,"1","00039",2,10,12,16,34,2,0,6211375000,2,10000000,11,5000000,92,500000,264,100000,3277,30000,16733,10000,1,3,0,1,X,C,CC,5,"2","2",1,,0,2,0,1,"22",74,"1301",,CCCCC,19,11,20,,"21,33",2,23,"3 (00036: 2-10-20-34-35)",3,false,false,false,2026-05-11 13:11:23.037 +0700
T5,2025-07-17,"2","00038",7,11,17,18,25,1,-1,16321575500,0,10000000,24,177538771,474,9105000,732,5670000,11337,385000,42528,10000,1,3,1,0,X,L,LL,1,"3","7-11-17",3,"11",1,2,1,0,"72",78,"1310",3,LLLCL,9,3,20,,"21,33",2,22,"3 (00035: 7-11-13-17-25)",4,false,true,true,2026-05-11 13:11:23.037 +0700
T5,2025-07-17,"1","00037",1,4,8,18,29,7,0,13562060500,1,10000000,15,5000000,155,500000,428,100000,4444,30000,36651,10000,3,1,1,0,Y,L,LL,3,"3","29",1,,0,1,0,0,"82",60,"3110",26,LCCCL,,,20,"4","4,21,33",3,21,"11 (00026: 1-5-8-20-24)",2,false,false,false,2026-05-11 13:11:23.038 +0700
T4,2025-07-16,"2","00036",2,10,20,34,35,2,0,12221845000,3,10000000,12,5000000,116,500000,261,100000,3516,30000,20356,10000,1,1,1,2,X,C,CL,4,,"2",1,,1,1,0,0,"02",101,"1112",2,CCCCL,34,18,20,,"4,21,33",3,20,"8 (00028: 5-11-16-20-34)",2,false,false,false,2026-05-11 13:11:23.038 +0700
T4,2025-07-16,"1","00035",7,11,13,17,25,9,0,10945106000,2,10000000,17,5000000,125,500000,513,100000,3609,30000,25420,10000,1,3,1,0,Z,L,LL,0,"3","7-11-13-17",4,"11",0,1,0,1,"72",73,"1310",10,LLLLL,21,14,20,,"4,21,33",3,19,"10 (00025: 8-11-17-18-20)",2,false,false,false,2026-05-11 13:11:23.039 +0700
T3,2025-07-15,"2","00034",9,12,22,31,35,2,0,10158537000,0,10000000,10,5000000,107,500000,249,100000,3306,30000,19050,10000,1,1,1,2,X,C,LL,2,,"31",1,"22",0,0,1,0,"22",109,"1112",7,LCCLL,7,10,20,,"4,21,33",3,18,"3 (00031: 2-3-12-14-22)",2,false,false,false,2026-05-11 13:11:23.040 +0700
T5,2025-07-10,"1","00023",11,17,24,28,30,5,0,7288255000,1,10000000,4,5000000,66,500000,172,100000,1980,30000,14525,10000,0,2,2,1,Y,L,LC,3,"0","11-17",2,"11",0,1,1,0,,110,"0221",,LLCCC,,13,20,,"4,21",2,7,"4 (00019: 14-15-17-28-31)",2,false,false,false,2026-05-11 13:11:23.047 +0700
T4,2025-07-09,"2","00022",2,7,9,28,31,12,0,7142920000,0,10000000,7,5000000,77,500000,192,100000,2745,30000,13600,10000,3,0,1,1,Z,C,CL,2,"1","2-7-31",3,,0,0,2,1,,77,"3011",,CLLCL,3,14,20,,"4,21",2,6,"1 (00021: 1-2-12-25-31)",2,false,false,true,2026-05-11 13:11:23.048 +0700
T4,2025-07-09,"1","00021",1,2,12,25,31,12,0,6870452500,2,10000000,8,5000000,65,500000,159,100000,1876,30000,11463,10000,2,1,1,1,Z,C,LL,2,,"2-31",2,,1,3,1,0,"12,22",71,"2111",3,LCCLL,4,7,20,,"4,21",2,5,"16 (00005: 1-18-25-27-33)",2,false,false,false,2026-05-11 13:11:23.050 +0700
T3,2025-07-08,"2","00020",2,6,20,26,32,12,0,6686805000,0,10000000,3,5000000,109,500000,238,100000,2870,30000,15970,10000,2,0,2,1,Z,C,CC,5,"1","2",1,,0,0,0,1,"22,62",86,"2021",,CCCCC,,,20,"26","4,21,26",3,4,"2 (00018: 6-7-10-22-34)",1,false,false,false,2026-05-11 13:11:23.052 +0700
T3,2025-07-08,"1","00019",14,15,17,28,31,8,0,6463680000,0,10000000,8,5000000,68,500000,200,100000,2153,30000,15717,10000,0,3,1,1,Y,C,CL,2,"0","17-31",2,,1,0,0,0,,105,"0311",,CLLCL,3,,20,"17,31","4,17,21,26,31",5,3,"6 (00013: 5-14-15-23-34)",2,false,false,false,2026-05-11 13:11:23.053 +0700
T2,2025-07-07,"2","00018",6,7,10,22,34,8,0,6330475000,1,10000000,7,5000000,85,500000,363,100000,3190,30000,26306,10000,2,1,1,1,Y,C,CC,4,,"7",1,"22",1,2,0,0,,79,"2111",,CLCCC,,,20,"22","4,17,21,22,26,31",6,2,"2 (00016: 6-7-13-28-29)",2,false,false,true,2026-05-11 13:11:23.054 +0700
T2,2025-07-07,"1","00017",1,8,14,19,23,6,0,6149305000,0,10000000,6,5000000,64,500000,209,100000,2157,30000,16518,10000,2,2,1,0,Y,C,LL,2,"3","19-23",2,,0,0,0,2,,65,"2210",,LCCLL,,14,20,,"4,17,21,22,26,31",6,1,"4 (00013: 5-14-15-23-34)",2,false,false,false,2026-05-11 13:11:23.055 +0700
CN,2025-07-06,"2","00016",6,7,13,28,29,7,1,6387757500,0,10000000,7,5000000,94,500000,255,100000,2703,30000,18339,10000,2,1,2,0,Y,L,CL,2,"3","7-13-29",3,,2,0,0,2,,83,"2120",13,CLLCL,,14,20,,"4,17,21,22,26,31",6,0,"2 (00014: 3-13-19-25-29)",2,true,false,true,2026-05-11 13:11:23.056 +0700
CN,2025-07-06,"1","00015",3,11,12,27,32,10,0,6229997500,1,10000000,6,5000000,67,500000,158,100000,2064,30000,11323,10000,1,2,1,1,Z,C,LC,2,,"3-11",2,"11",1,1,1,0,"22",85,"1211",2,LLCLC,,11,20,,"4,17,21,22,26,31",6,2,"7 (00008: 9-11-27-29-35)",2,false,false,false,2026-05-11 13:11:23.057 +0700
T7,2025-07-05,"2","00014",3,13,19,25,29,7,0,6144617500,0,10000000,1,5000000,82,500000,317,100000,2466,30000,20244,10000,1,2,2,0,Y,L,LL,0,"3","3-13-19-29",4,,0,1,0,0,"32,92",89,"1220",10,LLLLL,6,13,20,,"4,17,21,22,26,31",6,1,"2 (00012: 3-18-20-29-34)",2,false,false,false,2026-05-11 13:11:23.057 +0700
T7,2025-07-05,"1","00013",5,14,15,23,34,5,1,9927763500,2,10000000,13,5000000,77,500000,230,100000,2028,30000,15251,10000,1,2,1,1,Y,L,LC,2,,"5-23",2,,1,0,1,0,"42,52",91,"1211",,LCLLC,9,,20,"15","4,15,17,21,22,26,31",7,0,"7 (00006: 5-18-20-30-34)",2,true,false,true,2026-05-11 13:11:23.058 +0700
T6,2025-07-04,"2","00012",3,18,20,29,34,3,0,9358476500,0,10000000,9,5000000,95,500000,212,100000,2723,30000,19673,10000,1,1,2,1,X,L,LC,3,,"3-29",2,,0,0,1,0,,104,"1121",4,LCCLC,,6,20,,"4,15,17,21,22,26,31",7,12,"6 (00006: 5-18-20-30-34)",3,false,false,false,2026-05-11 13:11:23.059 +0700
T6,2025-07-04,"1","00011",1,3,7,10,24,8,0,8447751000,1,10000000,9,5000000,71,500000,167,100000,2050,30000,15560,10000,3,1,1,0,Y,C,LC,2,"3","3-7",2,,0,0,2,1,,45,"3110",,LLLCC,,,20,"3","3,4,15,17,21,22,26,31",8,11,"1 (00010: 10-23-24-30-33)",2,false,false,false,2026-05-11 13:11:23.059 +0700
T5,2025-07-03,"2","00010",10,23,24,30,33,6,0,7823994000,0,10000000,7,5000000,60,500000,279,100000,2484,30000,21519,10000,0,1,2,2,Y,C,CL,3,"0","23",1,"33",1,1,1,1,"02,32",120,"0122",,CLCCL,,9,20,,"3,4,15,17,21,22,26,31",8,10,"7 (00003: 2-8-16-23-24)",2,false,false,false,2026-05-11 13:11:23.060 +0700
T5,2025-07-03,"1","00009",28,32,33,34,35,8,0,7338985000,0,10000000,8,5000000,74,500000,149,100000,1547,30000,16332,10000,0,0,1,4,Y,C,CL,3,"0,1",,0,"33",3,2,1,1,,162,"0014",,CCLCL,,,20,"32","3,4,15,17,21,22,26,31,32",9,9,"1 (00008: 9-11-27-29-35)",1,false,false,false,2026-05-11 13:11:23.060 +0700
T4,2025-07-02,"2","00008",9,11,27,29,35,9,0,7220340000,1,10000000,8,5000000,104,500000,273,100000,2940,30000,20984,10000,1,1,2,1,Z,L,LL,0,,"11-29",2,"11",0,0,2,0,"92",111,"1121",3,LLLLL,,,20,"11,29","3,4,11,15,17,21,22,26,29,31,32",11,8,"1 (00007: 13-20-23-27-35)",2,false,false,false,2026-05-11 13:11:23.061 +0700
T4,2025-07-02,"1","00007",13,20,23,27,35,1,0,7041500000,0,10000000,4,5000000,60,500000,121,100000,2088,30000,9865,10000,0,1,3,1,X,L,LL,1,"0","13-23",2,,0,0,1,1,"32",118,"0131",,LCLLL,2,,20,"35","3,4,11,15,17,21,22,26,29,31,32,35",12,7,"3 (00004: 1-12-13-27-28)",2,false,false,false,2026-05-11 13:11:23.061 +0700
T3,2025-07-01,"2","00006",5,18,20,30,34,7,0,6828647500,1,10000000,9,5000000,79,500000,228,100000,2517,30000,17677,10000,1,1,1,2,Y,L,LC,4,,"5",1,,0,0,1,1,"02",107,"1112",,LCCCC,,,20,"5,20,30,34","3,4,5,11,15,17,20,21,22,26,29,30,31,32,34,35",16,6,"1 (00005: 1-18-25-27-33)",1,false,false,false,2026-05-11 13:11:23.062 +0700
T3,2025-07-01,"1","00005",1,18,25,27,33,5,0,6676525000,0,10000000,5,5000000,59,500000,243,100000,2145,30000,18483,10000,1,1,2,1,Y,L,LL,1,,,0,"33",0,1,2,0,,104,"1121",,LCLLL,,,20,"33","3,4,5,11,15,17,20,21,22,26,29,30,31,32,33,34,35",17,5,"1 (00004: 1-12-13-27-28)",2,false,false,true,2026-05-11 13:11:23.063 +0700
T2,2025-06-30,"2","00004",1,12,13,27,28,7,0,6518352500,1,10000000,10,5000000,108,500000,380,100000,3158,30000,27453,10000,1,2,2,0,Y,L,LC,2,"3","13",1,,2,1,0,0,,81,"1220",,LCLLC,,,20,"1,13,27,28","1,3,4,5,11,13,15,17,20,21,22,26,27,28,29,30,31,32,33,34,35",21,4,"2 (00002: 6-12-14-18-25)",1,false,false,false,2026-05-11 13:11:23.063 +0700
T2,2025-06-30,"1","00003",2,8,16,23,24,9,0,6315905000,0,10000000,8,5000000,67,500000,137,100000,1589,30000,10859,10000,2,1,2,0,Z,L,CC,4,"3","2-23",2,,1,1,0,0,,73,"2120",,CCCLC,,,20,"2,8,23,24","1,2,3,4,5,8,11,13,15,17,20,21,22,23,24,26,27,28,29,30,31,32,33,34,35",25,3,"2 (00001: 7-9-10-16-19)",1,false,false,false,2026-05-11 13:11:23.064 +0700
CN,2025-06-29,"2","00002",6,12,14,18,25,8,0,6231295000,1,10000000,13,5000000,135,500000,445,100000,3799,30000,25564,10000,1,3,1,0,Y,C,CL,4,"3",,0,,0,2,0,0,,75,"1310",,CCCCL,,,20,"6,12,14,18,25","1,2,3,4,5,6,8,11,12,13,14,15,17,18,20,21,22,23,24,25,26,27,28,29,30,31,32,33,34,35",30,2,,0,false,false,false,2026-05-11 13:11:23.065 +0700
CN,2025-06-29,"1","00001",7,9,10,16,19,9,0,6112312500,0,10000000,13,5000000,118,500000,285,100000,2921,30000,19563,10000,2,3,0,0,Z,L,LL,2,"2,3","7-19",2,,1,0,0,0,"92",61,"2300",,LLCCL,,,20,"7,9,10,16,19","1,2,3,4,5,6,7,8,9,10,11,12,13,14,15,16,17,18,19,20,21,22,23,24,25,26,27,28,29,30,31,32,33,34,35",35,1,,0,false,false,false,2026-05-11 13:11:23.065 +0700
